{
    "neoforge:conditions": [
        {
            "type": "neoforge:mod_loaded",
            "modid": "malum"
        },
        {
            "type": "neoforge:mod_loaded",
            "modid": "ancientreforging"
        }
    ],
    "type": "apotheosis:mob_effect",
    "definition": {
        "affix_type": "basic_effect",
        "exclusive_set": [],
        "weights": {
            "pinnacle": {
                "quality": 5.0,
                "weight": 20
            }
        }
    },
    "mob_effect": "apothic_attributes:sundering",
    "stack_on_reapply": true,
    "target": "projectile_target",
    "types": [
        "apothic_compats:staff"
    ],
    "values": {
        "ancientreforging:ancient": {
            "duration": {
                "min": 40.00,
                "max": 80.00,
                "step": 5.00
            },
            "amplifier": 0.0,
            "cooldown": 30
        }
    }
}