{
    "type": "apotheosis:enchantment",
    "categories": [
        "apotheosis:bow"
    ],
    "definition": {
        "affix_type": "ability",
        "exclusive_set": [],
        "weights": {
            "quality": 0.1,
            "weight": 25
        }
    },
    "enchantment": "minecraft:looting",
    "values": {
        "apotheosis:epic": {
            "min": 2.0,
            "max": 2.0,
            "step": 1
        },
        "apotheosis:mythic": {
            "min": 2.0,
            "max": 2.0,
            "step": 1
        }
    }
}