{
    "type": "apotheosis:enchantment",
    "categories": [
        "apotheosis:breaker"
    ],
    "definition": {
        "affix_type": "basic_effect",
        "exclusive_set": [],
        "weights": {
            "quality": 0.1,
            "weight": 25
        }
    },
    "enchantment": "minecraft:fortune",
    "mode": "existing",
    "values": {
        "apotheosis:uncommon": 1.0,
        "apotheosis:rare": {
            "min": 1.0,
            "max": 1.0,
            "step": 1
        },
        "apotheosis:epic": {
            "min": 1.0,
            "max": 1.0,
            "step": 1
        },
        "apotheosis:mythic": {
            "min": 1.0,
            "max": 1.0,
            "step": 1
        }
    }
}