{
    "type": "apotheosis:attribute",
    "attribute": "minecraft:generic.armor",
    "categories": [
        "apotheosis:chestplate",
        "apotheosis:leggings"
    ],
    "definition": {
        "affix_type": "stat",
        "exclusive_set": [],
        "weights": {
            "quality": 0.1,
            "weight": 25
        }
    },
    "operation": "add_multiplied_base",
    "values": {
        "apotheosis:rare": {
            "min": 0.0375,
            "max": 0.075
        },
        "apotheosis:epic": {
            "min": 0.0375,
            "max": 0.075
        },
        "apotheosis:mythic": {
            "min": 0.0625,
            "max": 0.1
        }
    }
}