{
    "type": "apotheosis:attribute",
    "attribute": "minecraft:generic.burning_time",
    "categories": [
        "apotheosis:helmet"
    ],
    "definition": {
        "affix_type": "stat",
        "exclusive_set": [],
        "weights": {
            "quality": 0.1,
            "weight": 25
        }
    },
    "operation": "add_multiplied_base",
    "values": {
        "apotheosis:uncommon": {
            "min": -0.0375,
            "max": -0.0875,
            "step": -0.0125
        },
        "apotheosis:rare": {
            "min": -0.05,
            "max": -0.1,
            "step": -0.0125
        },
        "apotheosis:epic": {
            "min": -0.0875,
            "max": -0.1875,
            "step": -0.0125
        },
        "apotheosis:mythic": {
            "min": -0.15,
            "max": -0.250,
            "step": -0.0125
        }
    }
}