{
    "type": "apotheosis:attribute",
    "attribute": "minecraft:generic.oxygen_bonus",
    "categories": [
        "apotheosis:helmet"
    ],
    "definition": {
        "affix_type": "stat",
        "exclusive_set": [],
        "weights": {
            "quality": 0.1,
            "weight": 25
        }
    },
    "operation": "add_value",
    "values": {
        "apotheosis:uncommon": {
            "min": 0.05,
            "max": 0.075
        },
        "apotheosis:rare": {
            "min": 0.0875,
            "max": 0.125
        },
        "apotheosis:epic": {
            "min": 0.1375,
            "max": 0.175
        },
        "apotheosis:mythic": {
            "min": 0.2125,
            "max": 0.3125
        }
    }
}