{
    "neoforge:conditions": [
        {
            "type": "neoforge:mod_loaded",
            "modid": "aether"
        },
        {
            "type": "neoforge:mod_loaded",
            "modid": "ancientreforging"
        }
    ],
    "type": "apotheosis:mob_effect",
    "definition": {
        "affix_type": "basic_effect",
        "exclusive_set": [],
        "weights": {
            "quality": 0.1,
            "weight": 25
        }
    },
    "mob_effect": "minecraft:slowness",
    "target": "projectile_target",
    "types": [
        "apothic_compats:dart_shooter"
    ],
    "values": {
        "ancientreforging:ancient": {
            "duration": {
                "min": 37.50,
                "max": 87.50,
                "step": 5.00
            },
            "amplifier": {
                "min": 0.000,
                "max": 0.750,
                "step": 0.0625
            },
            "cooldown": 80
        }
    }
}