{
    "neoforge:conditions": [
        {
            "type": "neoforge:mod_loaded",
            "modid": "malum"
        },
        {
            "type": "neoforge:mod_loaded",
            "modid": "ancientreforging"
        }
    ],
    "type": "apotheosis:attribute",
    "attribute": "apothic_attributes:fire_damage",
    "categories": [
        "apothic_compats:scythe"
    ],
    "definition": {
        "affix_type": "stat",
        "exclusive_set": [
            "apothic_compats:scythe/attribute/glacial"
        ],
        "weights": {
            "quality": 0.1,
            "weight": 25
        }
    },
    "operation": "add_value",
    "values": {
        "ancientreforging:ancient": {
            "min": 2.00,
            "max": 5.00,
            "step": 0.0625
        }
    }
}