{
    "neoforge:conditions": [
        {
            "type": "neoforge:mod_loaded",
            "modid": "malum"
        },
        {
            "type": "neoforge:mod_loaded",
            "modid": "ancientreforging"
        }
    ],
    "type": "apotheosis:attribute",
    "attribute": "minecraft:player.entity_interaction_range",
    "categories": [
        "apothic_compats:scythe"
    ],
    "definition": {
        "affix_type": "stat",
        "exclusive_set": [],
        "weights": {
            "quality": 0.1,
            "weight": 25
        }
    },
    "operation": "add_value",
    "values": {
        "ancientreforging:ancient": {
            "min": 0.750,
            "max": 1.50,
            "step": 0.0625
        }
    }
}