{
	"format_version": "1.8.0",
	"animations": {
		"animation.torterra_dawnian.ground_idle": {
			"loop": true,
			"animation_length": 4,
			"bones": {
				"torso": {
					"rotation": ["0+math.sin(q.anim_time*90*10+90)*-0.3", "0-math.sin(query.anim_time*90*30-140)*0.2", "math.cos(q.anim_time*90*1)*-1"],
					"position": [0, "math.sin(q.anim_time*90*2)*-0.2", 0]
				},
				"head": {
					"rotation": [
						"4+math.sin(q.anim_time*90*10+30)*-1.5",
						"math.sin(q.anim_time*90*5-50)*-1.5+math.sin(query.anim_time*90*30-140)*0.8",
						"0-math.sin(q.anim_time*90*5-110)*-1.5"
					],
					"position": ["0+math.sin(query.anim_time*90*30-140)*0.1", 0, 0]
				},
				"jaw": {
					"rotation": ["1+math.cos(q.anim_time*90*2)*-1", 0, 0]
				},
				"tail": {
					"rotation": [-12.5, "0+math.cos(q.anim_time*90*1-30)*4", "0+math.sin(q.anim_time*90*1-40)*2"]
				},
				"tail2": {
					"rotation": [2.5, "math.cos(q.anim_time*90*1-60)*3", "math.sin(q.anim_time*90*1-60)*2"]
				},
				"tail3": {
					"rotation": [-7.5, "math.cos(q.anim_time*90*1-90)*6", "math.sin(q.anim_time*90*1-90)*2"]
				},
				"leaves": {
					"rotation": ["0+math.sin(q.anim_time*90*2-50)*1", 0, "0+math.cos(q.anim_time*90*1-110)*-0.5"]
				},
				"vine": {
					"rotation": ["math.sin(q.anim_time*90*2-70)*-2", 0, "-5+math.cos(q.anim_time*90*1-130)*4"]
				},
				"vine2": {
					"rotation": ["4+math.sin(q.anim_time*90*2-90)*-2", 0, "-5+math.cos(q.anim_time*90*1-150)*4"]
				},
				"vine4": {
					"rotation": ["math.sin(q.anim_time*90*2-85)*2", 0, "-5+math.cos(q.anim_time*90*1-120)*4"]
				},
				"vine5": {
					"rotation": ["math.sin(q.anim_time*90*2-80)*-2", 0, "-5+math.cos(q.anim_time*90*1-120)*4"]
				},
				"vine3": {
					"rotation": ["math.sin(q.anim_time*90*2-60)*-2", 0, "-5+math.cos(q.anim_time*90*1-110)*4"]
				},
				"tongue": {
					"rotation": ["0+math.sin(q.anim_time*90*10-30)*-6", 0, 0]
				},
				"tongue2": {
					"rotation": ["0+math.sin(q.anim_time*90*10-150)*-10", 0, 0]
				},
				"body2": {
					"rotation": [32.5, "0+math.mod(q.anim_time*1, 1)*360", 0],
					"position": [-7, 4, -20]
				},
				"head2": {
					"rotation": ["0-math.sin(query.anim_time*90*10)*7", 0, "0-math.sin(query.anim_time*90*5-80)*7"]
				},
				"leg_front_right2": {
					"rotation": ["14.6277071096+math.sin(query.anim_time*90*10-60)*10", 46.55847, 10.73052]
				},
				"leg_front_left2": {
					"rotation": {
						"0.0": [82.43989, -5.75289, 56.87406],
						"1.0": [82.43989, -5.75289, 56.87406]
					}
				},
				"leg_back_right2": {
					"rotation": {
						"0.0": {
							"post": [-10, 0, -15],
							"lerp_mode": "catmullrom"
						},
						"0.5": {
							"post": [-10, 0, -7.5],
							"lerp_mode": "catmullrom"
						},
						"1.0": {
							"post": [-10, 0, -15],
							"lerp_mode": "catmullrom"
						},
						"4.0": {
							"post": [-10, 0, -15],
							"lerp_mode": "catmullrom"
						}
					},
					"position": {
						"0.0": {
							"post": [0, -0.25, 0],
							"lerp_mode": "catmullrom"
						},
						"0.5": {
							"post": [0, -1.75, 0],
							"lerp_mode": "catmullrom"
						},
						"0.75": {
							"post": [0, -1.75, 0],
							"lerp_mode": "catmullrom"
						},
						"1.0": {
							"post": [0, -0.25, 0],
							"lerp_mode": "catmullrom"
						},
						"1.5": {
							"post": [0, -1.75, 0],
							"lerp_mode": "catmullrom"
						},
						"2.5": {
							"post": [0, -1.75, 0],
							"lerp_mode": "catmullrom"
						},
						"4.0": {
							"post": [0, -0.25, 0],
							"lerp_mode": "catmullrom"
						}
					}
				},
				"leg_back_left2": {
					"rotation": [-11.93845, 3.73171, 17.10967],
					"position": {
						"0.0": [0, -1, 0],
						"0.5": [0, -2, 0]
					}
				},
				"speaker6": {
					"scale": ["1-math.sin(query.anim_time*90*15)*0.1", "1-math.sin(query.anim_time*90*15-80)*0.05", "1-math.sin(query.anim_time*90*15-140)*0.05"]
				},
				"speaker1": {
					"rotation": [2.10155, -0.57975, -1.40241],
					"scale": ["1-math.sin(query.anim_time*90*15)*0.1", "1-math.sin(query.anim_time*90*15-80)*0.05", "1-math.sin(query.anim_time*90*15-140)*0.05"]
				},
				"speaker2": {
					"position": [0, 0, 0],
					"scale": ["1-math.sin(query.anim_time*90*15)*0.1", "1-math.sin(query.anim_time*90*15-80)*0.05", "1-math.sin(query.anim_time*90*15-140)*0.05"]
				},
				"speaker3": {
					"scale": ["1-math.sin(query.anim_time*90*15)*0.1", "1-math.sin(query.anim_time*90*15-80)*0.05", "1-math.sin(query.anim_time*90*15-140)*0.05"]
				},
				"speaker4": {
					"scale": ["1-math.sin(query.anim_time*90*15)*0.1", "1-math.sin(query.anim_time*90*15-80)*0.05", "1-math.sin(query.anim_time*90*15-140)*0.05"]
				},
				"speaker5": {
					"scale": ["1-math.sin(query.anim_time*90*15)*0.1", "1-math.sin(query.anim_time*90*15-80)*0.05", "1-math.sin(query.anim_time*90*15-140)*0.05"]
				},
				"disc": {
					"rotation": {
						"0.0": [0, "0+math.mod(q.anim_time*1, 1)*360", 0],
						"0.5": [15, "0+math.mod(q.anim_time*1, 1)*360", 0],
						"1.0": [-0.40896, "-3.4459+math.mod(q.anim_time*1, 1)*360", -1.13993],
						"1.5": [15, "0+math.mod(q.anim_time*1, 1)*360", 0],
						"2.0": [0, "0+math.mod(q.anim_time*1, 1)*360", 0],
						"2.5": [15, "0+math.mod(q.anim_time*1, 1)*360", 0],
						"3.0": [0, "0+math.mod(q.anim_time*1, 1)*360", 0],
						"3.5": [15, "0+math.mod(q.anim_time*1, 1)*360", 0],
						"4.0": [0, "0+math.mod(q.anim_time*1, 1)*360", 0]
					}
				},
				"disc2": {
					"rotation": [7.5, "0-math.mod(q.anim_time*0.5, 1)*360", 0]
				},
				"torso2": {
					"rotation": ["0-math.cos(q.anim_time*90*2)*-2", "math.sin(q.anim_time*90*1)*0.5", "math.cos(q.anim_time*90*2)*-0.5"],
					"position": [0, "math.sin(q.anim_time*90*2)*0.1", 0]
				},
				"tail4": {
					"rotation": [0, "0+math.sin(q.anim_time*90*5)*20", 0]
				},
				"twig": {
					"rotation": [0, 0, "math.cos(q.anim_time*90*1-50)*5 "]
				},
				"leaf_left": {
					"rotation": [0, "math.cos(q.anim_time*90*2)*2", "math.cos(q.anim_time*90*1-80)*5 "]
				},
				"leaf_right": {
					"rotation": [0, "math.cos(q.anim_time*90*2)*2", "math.cos(q.anim_time*90*1-80)*5 "]
				},
				"jaw2": {
					"rotation": [20, 0, 0]
				}
			}
		},
		"animation.torterra_dawnian.ground_walk": {
			"loop": true,
			"animation_length": 4,
			"bones": {
				"bush_left": {
					"rotation": ["0+math.cos(q.anim_time*90*3-60)*1", 0, "0+math.sin(q.anim_time*90*3-60)*6"]
				},
				"bush_right": {
					"rotation": ["0+math.cos(q.anim_time*90*3-60)*1", 0, "0+math.sin(q.anim_time*90*3-60)*8"]
				},
				"body": {
					"position": {
						"0.0": [0, -0.3, 0],
						"0.0833": [0, -0.1, 0],
						"0.4583": [0, -0.1, 0],
						"0.6667": [0, -0.4, 0],
						"0.8333": [0, -0.1, 0],
						"0.875": [0, -0.1, 0],
						"0.9583": [0, -0.3, 0],
						"1.0417": [0, -0.1, 0],
						"1.5417": [0, -0.1, 0],
						"1.75": [0, -0.4, 0],
						"1.9167": [0, -0.1, 0],
						"2.0": [0, -0.3, 0],
						"2.0833": [0, -0.1, 0],
						"2.4583": [0, -0.1, 0],
						"2.6667": [0, -0.4, 0],
						"2.8333": [0, -0.1, 0],
						"2.875": [0, -0.1, 0],
						"2.9583": [0, -0.3, 0],
						"3.0417": [0, -0.1, 0],
						"3.5417": [0, -0.1, 0],
						"3.75": [0, -0.4, 0],
						"3.9167": [0, -0.1, 0],
						"4.0": [0, -0.3, 0]
					}
				},
				"torso": {
					"rotation": {
						"0.0": [
							"0+math.sin(q.anim_time*90*2*2)*1",
							"0+math.cos(q.anim_time*90*2)*3-math.sin(query.anim_time*90*30-140)*0.2",
							"0-math.sin(q.anim_time*90*2)*3"
						],
						"2.0": [
							"0+math.sin(q.anim_time*90*2*2)*1",
							"0+math.cos(q.anim_time*90*2)*3-math.sin(query.anim_time*90*30-140)*0.2",
							"0-math.sin(q.anim_time*90*2)*3"
						]
					},
					"position": {
						"0.0": [0, -0.01, 0],
						"0.0417": [0, -0.12, 0],
						"0.5833": [0, "0+math.sin(q.anim_time*90*2*2)*0.6", 0],
						"0.625": [0, "0.4+math.sin(q.anim_time*90*2*2)*0.4", 0],
						"0.7083": [0, "-0.1+math.sin(q.anim_time*90*2*2)*0.4", 0],
						"0.7917": [0, "0.4+math.sin(q.anim_time*90*2*2)*0.4", 0],
						"0.875": [0, "0+math.sin(q.anim_time*90*2*2)*0.4", 0],
						"0.9583": [0, 0.1, 0],
						"1.0417": [0, -0.12, 0],
						"1.5833": [0, "0+math.sin(q.anim_time*90*2*2)*0.6", 0],
						"1.625": [0, "0.4+math.sin(q.anim_time*90*2*2)*0.4", 0],
						"1.7083": [0, "-0.1+math.sin(q.anim_time*90*2*2)*0.4", 0],
						"1.7917": [0, "0.4+math.sin(q.anim_time*90*2*2)*0.4", 0],
						"1.875": [0, "0+math.sin(q.anim_time*90*2*2)*0.4", 0],
						"1.9583": [0, 0.1, 0],
						"2.0": [0, -0.01, 0],
						"2.0417": [0, -0.12, 0],
						"2.5833": [0, "0+math.sin(q.anim_time*90*2*2)*0.6", 0],
						"2.625": [0, "0.4+math.sin(q.anim_time*90*2*2)*0.4", 0],
						"2.7083": [0, "-0.1+math.sin(q.anim_time*90*2*2)*0.4", 0],
						"2.7917": [0, "0.4+math.sin(q.anim_time*90*2*2)*0.4", 0],
						"2.875": [0, "0+math.sin(q.anim_time*90*2*2)*0.4", 0],
						"2.9583": [0, 0.1, 0],
						"3.0417": [0, -0.12, 0],
						"3.5833": [0, "0+math.sin(q.anim_time*90*2*2)*0.6", 0],
						"3.625": [0, "0.4+math.sin(q.anim_time*90*2*2)*0.4", 0],
						"3.7083": [0, "-0.1+math.sin(q.anim_time*90*2*2)*0.4", 0],
						"3.7917": [0, "0.4+math.sin(q.anim_time*90*2*2)*0.4", 0],
						"3.875": [0, "0+math.sin(q.anim_time*90*2*2)*0.4", 0],
						"3.9583": [0, 0.1, 0],
						"4.0": [0, -0.01, 0]
					}
				},
				"head": {
					"rotation": [
						"4+math.sin(q.anim_time*90*10+30)*-1.5",
						"0-math.cos(q.anim_time*90*2)*6+math.sin(query.anim_time*90*30-140)*0.8",
						"0-math.sin(q.anim_time*90*5-110)*-1.5"
					]
				},
				"tail": {
					"rotation": [-10, "math.cos(q.anim_time*90*2-30)*8", "0-math.cos(q.anim_time*90*2-30)*4"]
				},
				"tail2": {
					"rotation": [-5, "0+math.cos(q.anim_time*90*2-90)*4", "0-math.cos(q.anim_time*90*2-60)*2"]
				},
				"tail3": {
					"rotation": [5, "0+math.cos(q.anim_time*90*2-120)*6", "0-math.cos(q.anim_time*90*2-90)*2"]
				},
				"leg_front_left": {
					"rotation": {
						"0.0": ["0-math.sin(q.anim_time*90*2-180)*10", "0+math.sin(q.anim_time*90*2-180)*8", -10],
						"2.0": ["0-math.sin(q.anim_time*90*2-180)*10", "0+math.sin(q.anim_time*90*2-180)*8", -10]
					},
					"position": {
						"0.0": ["0+math.cos(q.anim_time*90*2-180)*0.2", "-0.5+math.clamp(math.cos(q.anim_time*90*2-180)*1.5,0,10)", "0-math.sin(q.anim_time*90*2-180)*0.8"],
						"0.5": ["0+math.cos(q.anim_time*90*2-180)*0.2", "math.clamp(math.cos(q.anim_time*90*2-180)*1.5,0,10)", "0-math.sin(q.anim_time*90*2-180)*0.8"],
						"1.4583": ["0+math.cos(q.anim_time*90*2-180)*0.2", "math.clamp(math.cos(q.anim_time*90*2-180)*1.5,0,10)", "0-math.sin(q.anim_time*90*2-180)*0.8"],
						"1.5": ["0+math.cos(q.anim_time*90*2-180)*0.2", "-1+math.clamp(math.cos(q.anim_time*90*2-180)*1.5,0,10)", "0-math.sin(q.anim_time*90*2-180)*0.8"],
						"2.0": ["0+math.cos(q.anim_time*90*2-180)*0.2", "-0.5+math.clamp(math.cos(q.anim_time*90*2-180)*1.5,0,10)", "0-math.sin(q.anim_time*90*2-180)*0.8"],
						"2.5": ["0+math.cos(q.anim_time*90*2-180)*0.2", "math.clamp(math.cos(q.anim_time*90*2-180)*1.5,0,10)", "0-math.sin(q.anim_time*90*2-180)*0.8"],
						"3.4583": ["0+math.cos(q.anim_time*90*2-180)*0.2", "math.clamp(math.cos(q.anim_time*90*2-180)*1.5,0,10)", "0-math.sin(q.anim_time*90*2-180)*0.8"],
						"3.5": ["0+math.cos(q.anim_time*90*2-180)*0.2", "-1+math.clamp(math.cos(q.anim_time*90*2-180)*1.5,0,10)", "0-math.sin(q.anim_time*90*2-180)*0.8"],
						"4.0": ["0+math.cos(q.anim_time*90*2-180)*0.2", "-0.5+math.clamp(math.cos(q.anim_time*90*2-180)*1.5,0,10)", "0-math.sin(q.anim_time*90*2-180)*0.8"]
					}
				},
				"foot_front_left": {
					"rotation": {
						"0.0": ["-2.5+math.clamp(math.sin(q.anim_time*90*2-90)*15,0,20)+math.clamp(math.sin(q.anim_time*90*2+90)*2,-2,20)", 0, 10],
						"1.4167": ["0+math.clamp(math.sin(q.anim_time*90*2-90)*15,0,20)+math.clamp(math.sin(q.anim_time*90*2+90)*2,-2,20)", 0, 10],
						"1.5": ["10+math.clamp(math.sin(q.anim_time*90*2-90)*15,0,20)+math.clamp(math.sin(q.anim_time*90*2+90)*2,-2,20)", 0, 10],
						"1.75": ["5+math.clamp(math.sin(q.anim_time*90*2-90)*15,0,20)+math.clamp(math.sin(q.anim_time*90*2+90)*2,-2,20)", 0, 10],
						"2.0": ["-2.5+math.clamp(math.sin(q.anim_time*90*2-90)*15,0,20)+math.clamp(math.sin(q.anim_time*90*2+90)*2,-2,20)", 0, 10],
						"3.4167": ["0+math.clamp(math.sin(q.anim_time*90*2-90)*15,0,20)+math.clamp(math.sin(q.anim_time*90*2+90)*2,-2,20)", 0, 10],
						"3.5": ["10+math.clamp(math.sin(q.anim_time*90*2-90)*15,0,20)+math.clamp(math.sin(q.anim_time*90*2+90)*2,-2,20)", 0, 10],
						"3.75": ["5+math.clamp(math.sin(q.anim_time*90*2-90)*15,0,20)+math.clamp(math.sin(q.anim_time*90*2+90)*2,-2,20)", 0, 10],
						"4.0": ["-2.5+math.clamp(math.sin(q.anim_time*90*2-90)*15,0,20)+math.clamp(math.sin(q.anim_time*90*2+90)*2,-2,20)", 0, 10]
					}
				},
				"leg_back_left": {
					"rotation": {
						"0.0": ["0-math.sin(q.anim_time*90*2-60)*10", "0+math.sin(q.anim_time*90*2-60)*8", -10],
						"2.0": ["0-math.sin(q.anim_time*90*2-60)*10", "0+math.sin(q.anim_time*90*2-60)*8", -10]
					},
					"position": {
						"0.0": ["0+math.cos(q.anim_time*90*2-60)*0.2", "math.clamp(math.cos(q.anim_time*90*2-60)*1.5,0,10)", "-0.75-math.sin(q.anim_time*90*2-60)*0.7"],
						"0.75": [
							"0+math.cos(q.anim_time*90*2-60)*0.2",
							"0.25+math.clamp(math.cos(q.anim_time*90*2-60)*1.5,0,10)",
							"-0.75-math.sin(q.anim_time*90*2-60)*0.7"
						],
						"0.8333": ["0+math.cos(q.anim_time*90*2-60)*0.2", "-1+math.clamp(math.cos(q.anim_time*90*2-60)*1.5,0,10)", "-0.75-math.sin(q.anim_time*90*2-60)*0.7"],
						"1.8333": ["0+math.cos(q.anim_time*90*2-60)*0.2", "math.clamp(math.cos(q.anim_time*90*2-60)*1.5,0,10)", "-0.75-math.sin(q.anim_time*90*2-60)*0.7"],
						"2.0": ["0+math.cos(q.anim_time*90*2-60)*0.2", "math.clamp(math.cos(q.anim_time*90*2-60)*1.5,0,10)", "-0.75-math.sin(q.anim_time*90*2-60)*0.7"],
						"2.75": [
							"0+math.cos(q.anim_time*90*2-60)*0.2",
							"0.25+math.clamp(math.cos(q.anim_time*90*2-60)*1.5,0,10)",
							"-0.75-math.sin(q.anim_time*90*2-60)*0.7"
						],
						"2.8333": ["0+math.cos(q.anim_time*90*2-60)*0.2", "-1+math.clamp(math.cos(q.anim_time*90*2-60)*1.5,0,10)", "-0.75-math.sin(q.anim_time*90*2-60)*0.7"],
						"3.8333": ["0+math.cos(q.anim_time*90*2-60)*0.2", "math.clamp(math.cos(q.anim_time*90*2-60)*1.5,0,10)", "-0.75-math.sin(q.anim_time*90*2-60)*0.7"]
					}
				},
				"foot_back_left": {
					"rotation": {
						"0.0": ["0+math.clamp(math.sin(q.anim_time*90*2+30)*15,0,20)-math.clamp(math.sin(q.anim_time*90*2+210)*2,-2,20)", 0, 10],
						"0.75": ["0+math.clamp(math.sin(q.anim_time*90*2+30)*15,0,20)-math.clamp(math.sin(q.anim_time*90*2+210)*2,-2,20)", 0, 10],
						"0.8333": ["7.5+math.clamp(math.sin(q.anim_time*90*2+30)*15,0,20)-math.clamp(math.sin(q.anim_time*90*2+210)*2,-2,20)", 0, 10],
						"1.25": [3.32, 0, 10],
						"1.8333": ["-8.5+math.clamp(math.sin(q.anim_time*90*2+30)*15,0,20)-math.clamp(math.sin(q.anim_time*90*2+210)*2,-2,20)", 0, 10],
						"2.0": ["0+math.clamp(math.sin(q.anim_time*90*2+30)*15,0,20)-math.clamp(math.sin(q.anim_time*90*2+210)*2,-2,20)", 0, 10],
						"2.75": ["0+math.clamp(math.sin(q.anim_time*90*2+30)*15,0,20)-math.clamp(math.sin(q.anim_time*90*2+210)*2,-2,20)", 0, 10],
						"2.8333": ["7.5+math.clamp(math.sin(q.anim_time*90*2+30)*15,0,20)-math.clamp(math.sin(q.anim_time*90*2+210)*2,-2,20)", 0, 10],
						"3.25": [3.32, 0, 10],
						"3.8333": ["-8.5+math.clamp(math.sin(q.anim_time*90*2+30)*15,0,20)-math.clamp(math.sin(q.anim_time*90*2+210)*2,-2,20)", 0, 10],
						"4.0": ["0+math.clamp(math.sin(q.anim_time*90*2+30)*15,0,20)-math.clamp(math.sin(q.anim_time*90*2+210)*2,-2,20)", 0, 10]
					}
				},
				"leg_back_right": {
					"rotation": {
						"0.0": ["0-math.sin(q.anim_time*90*2-240)*10", "0-math.sin(q.anim_time*90*2-240)*8", 10],
						"2.0": ["0-math.sin(q.anim_time*90*2-240)*10", "0-math.sin(q.anim_time*90*2-240)*8", 10]
					},
					"position": {
						"0.0": [
							"0-math.cos(q.anim_time*90*2-240)*0.2",
							"-0.75+math.clamp(math.cos(q.anim_time*90*2-240)*1.5,0,10)",
							"-0.75-math.sin(q.anim_time*90*2-240)*0.8"
						],
						"0.8333": ["0-math.cos(q.anim_time*90*2-240)*0.2", "math.clamp(math.cos(q.anim_time*90*2-240)*1.5,0,10)", "-0.75-math.sin(q.anim_time*90*2-240)*0.8"],
						"1.7917": ["0-math.cos(q.anim_time*90*2-240)*0.2", "math.clamp(math.cos(q.anim_time*90*2-240)*1.5,0,10)", "-0.75-math.sin(q.anim_time*90*2-240)*0.8"],
						"1.8333": [
							"0-math.cos(q.anim_time*90*2-240)*0.2",
							"-1+math.clamp(math.cos(q.anim_time*90*2-240)*1.5,0,10)",
							"-0.75-math.sin(q.anim_time*90*2-240)*0.8"
						],
						"2.0": [
							"0-math.cos(q.anim_time*90*2-240)*0.2",
							"-0.75+math.clamp(math.cos(q.anim_time*90*2-240)*1.5,0,10)",
							"-0.75-math.sin(q.anim_time*90*2-240)*0.8"
						],
						"2.8333": ["0-math.cos(q.anim_time*90*2-240)*0.2", "math.clamp(math.cos(q.anim_time*90*2-240)*1.5,0,10)", "-0.75-math.sin(q.anim_time*90*2-240)*0.8"],
						"3.7917": ["0-math.cos(q.anim_time*90*2-240)*0.2", "math.clamp(math.cos(q.anim_time*90*2-240)*1.5,0,10)", "-0.75-math.sin(q.anim_time*90*2-240)*0.8"],
						"3.8333": [
							"0-math.cos(q.anim_time*90*2-240)*0.2",
							"-1+math.clamp(math.cos(q.anim_time*90*2-240)*1.5,0,10)",
							"-0.75-math.sin(q.anim_time*90*2-240)*0.8"
						],
						"4.0": [
							"0-math.cos(q.anim_time*90*2-240)*0.2",
							"-0.75+math.clamp(math.cos(q.anim_time*90*2-240)*1.5,0,10)",
							"-0.75-math.sin(q.anim_time*90*2-240)*0.8"
						]
					}
				},
				"foot_back_right": {
					"rotation": {
						"0.0": ["7.5+math.clamp(math.sin(q.anim_time*90*2-150)*15,0,20)+math.clamp(math.sin(q.anim_time*90*2+150)*2,-2,20)", 0, -10],
						"0.8333": ["-5+math.clamp(math.sin(q.anim_time*90*2-150)*15,0,20)+math.clamp(math.sin(q.anim_time*90*2+150)*2,-2,20)", 0, -10],
						"1.75": ["1.75+math.clamp(math.sin(q.anim_time*90*2-150)*15,0,20)+math.clamp(math.sin(q.anim_time*90*2+150)*2,-2,20)", 0, -10],
						"1.8333": ["7.5+math.clamp(math.sin(q.anim_time*90*2-150)*15,0,20)+math.clamp(math.sin(q.anim_time*90*2+150)*2,-2,20)", 0, -10],
						"2.0": ["7.5+math.clamp(math.sin(q.anim_time*90*2-150)*15,0,20)+math.clamp(math.sin(q.anim_time*90*2+150)*2,-2,20)", 0, -10],
						"2.8333": ["-5+math.clamp(math.sin(q.anim_time*90*2-150)*15,0,20)+math.clamp(math.sin(q.anim_time*90*2+150)*2,-2,20)", 0, -10],
						"3.75": ["1.75+math.clamp(math.sin(q.anim_time*90*2-150)*15,0,20)+math.clamp(math.sin(q.anim_time*90*2+150)*2,-2,20)", 0, -10],
						"3.8333": ["7.5+math.clamp(math.sin(q.anim_time*90*2-150)*15,0,20)+math.clamp(math.sin(q.anim_time*90*2+150)*2,-2,20)", 0, -10]
					}
				},
				"leg_front_right": {
					"rotation": {
						"0.0": ["0-math.sin(q.anim_time*90*2)*10", "0-math.sin(q.anim_time*90*2)*8", 10],
						"0.4167": ["0-math.sin(q.anim_time*90*2)*10", "0-math.sin(q.anim_time*90*2)*8", 10],
						"0.625": ["-0.25-math.sin(q.anim_time*90*2)*10", "-math.sin(q.anim_time*90*2)*8", 10],
						"0.8333": ["-1-math.sin(q.anim_time*90*2)*10", "-math.sin(q.anim_time*90*2)*8", 10],
						"1.0": ["0-math.sin(q.anim_time*90*2)*10", "0-math.sin(q.anim_time*90*2)*8", 10],
						"2.0": ["0-math.sin(q.anim_time*90*2)*10", "0-math.sin(q.anim_time*90*2)*8", 10],
						"2.4167": ["0-math.sin(q.anim_time*90*2)*10", "0-math.sin(q.anim_time*90*2)*8", 10],
						"2.625": ["-0.25-math.sin(q.anim_time*90*2)*10", "-math.sin(q.anim_time*90*2)*8", 10],
						"2.8333": ["-1-math.sin(q.anim_time*90*2)*10", "-math.sin(q.anim_time*90*2)*8", 10],
						"3.0": ["0-math.sin(q.anim_time*90*2)*10", "0-math.sin(q.anim_time*90*2)*8", 10]
					},
					"position": {
						"0.0": ["0-math.cos(q.anim_time*90*2)*0.2", "math.clamp(math.cos(q.anim_time*90*2)*1.5,0,10)", "0-math.sin(q.anim_time*90*2)*0.7"],
						"0.4167": ["0-math.cos(q.anim_time*90*2)*0.2", "math.clamp(math.cos(q.anim_time*90*2)*1.5,0,10)", "0-math.sin(q.anim_time*90*2)*0.7"],
						"0.5": ["0-math.cos(q.anim_time*90*2)*0.2", "-1+math.clamp(math.cos(q.anim_time*90*2)*1.5,0,10)", "0-math.sin(q.anim_time*90*2)*0.7"],
						"0.75": ["0-math.cos(q.anim_time*90*2)*0.2", "-0.75+math.clamp(math.cos(q.anim_time*90*2)*1.5,0,10)", "0-math.sin(q.anim_time*90*2)*0.7"],
						"1.5": ["0-math.cos(q.anim_time*90*2)*0.2", "math.clamp(math.cos(q.anim_time*90*2)*1.5,0,10)", "0-math.sin(q.anim_time*90*2)*0.7"],
						"2.0": ["0-math.cos(q.anim_time*90*2)*0.2", "math.clamp(math.cos(q.anim_time*90*2)*1.5,0,10)", "0-math.sin(q.anim_time*90*2)*0.7"],
						"2.4167": ["0-math.cos(q.anim_time*90*2)*0.2", "math.clamp(math.cos(q.anim_time*90*2)*1.5,0,10)", "0-math.sin(q.anim_time*90*2)*0.7"],
						"2.5": ["0-math.cos(q.anim_time*90*2)*0.2", "-1+math.clamp(math.cos(q.anim_time*90*2)*1.5,0,10)", "0-math.sin(q.anim_time*90*2)*0.7"],
						"2.75": ["0-math.cos(q.anim_time*90*2)*0.2", "-0.75+math.clamp(math.cos(q.anim_time*90*2)*1.5,0,10)", "0-math.sin(q.anim_time*90*2)*0.7"],
						"3.5": ["0-math.cos(q.anim_time*90*2)*0.2", "math.clamp(math.cos(q.anim_time*90*2)*1.5,0,10)", "0-math.sin(q.anim_time*90*2)*0.7"]
					}
				},
				"foot_front_right": {
					"rotation": {
						"0.0": ["0+math.clamp(math.sin(q.anim_time*90*2+90)*15,0,20)-math.clamp(math.sin(q.anim_time*90*2+270)*2,-2,20)", 0, -10],
						"0.4167": ["0+math.clamp(math.sin(q.anim_time*90*2+90)*15,0,20)-math.clamp(math.sin(q.anim_time*90*2+270)*2,-2,20)", 0, -10],
						"0.5": ["12.5+math.clamp(math.sin(q.anim_time*90*2+90)*15,0,20)-math.clamp(math.sin(q.anim_time*90*2+270)*2,-2,20)", 0, -10],
						"0.75": ["7.5+math.clamp(math.sin(q.anim_time*90*2+90)*15,0,20)-math.clamp(math.sin(q.anim_time*90*2+270)*2,-2,20)", 0, -10],
						"1.0": ["0+math.clamp(math.sin(q.anim_time*90*2+90)*15,0,20)-math.clamp(math.sin(q.anim_time*90*2+270)*2,-2,20)", 0, -10],
						"2.0": ["0+math.clamp(math.sin(q.anim_time*90*2+90)*15,0,20)-math.clamp(math.sin(q.anim_time*90*2+270)*2,-2,20)", 0, -10],
						"2.4167": ["0+math.clamp(math.sin(q.anim_time*90*2+90)*15,0,20)-math.clamp(math.sin(q.anim_time*90*2+270)*2,-2,20)", 0, -10],
						"2.5": ["12.5+math.clamp(math.sin(q.anim_time*90*2+90)*15,0,20)-math.clamp(math.sin(q.anim_time*90*2+270)*2,-2,20)", 0, -10],
						"2.75": ["7.5+math.clamp(math.sin(q.anim_time*90*2+90)*15,0,20)-math.clamp(math.sin(q.anim_time*90*2+270)*2,-2,20)", 0, -10],
						"3.0": ["0+math.clamp(math.sin(q.anim_time*90*2+90)*15,0,20)-math.clamp(math.sin(q.anim_time*90*2+270)*2,-2,20)", 0, -10]
					}
				},
				"leaves": {
					"rotation": {
						"0.0": ["0+math.sin(q.anim_time*90*4-50)*1", 0, "0+math.cos(q.anim_time*90*2-90)*-2"],
						"2.0": ["0+math.sin(q.anim_time*90*4-50)*1", 0, "0+math.cos(q.anim_time*90*2-90)*-2"]
					},
					"position": {
						"0.5417": [0, 0, 0],
						"0.625": [0, -0.2, 0],
						"0.7083": [0, 0.4, 0],
						"0.875": [0, -0.1, 0],
						"1.0": [0, 0, 0],
						"1.5": [0, 0, 0],
						"1.5833": [0, -0.2, 0],
						"1.6667": [0, 0.4, 0],
						"1.8333": [0, -0.1, 0],
						"1.9583": [0, 0, 0],
						"2.5417": [0, 0, 0],
						"2.625": [0, -0.2, 0],
						"2.7083": [0, 0.4, 0],
						"2.875": [0, -0.1, 0],
						"3.0": [0, 0, 0],
						"3.5": [0, 0, 0],
						"3.5833": [0, -0.2, 0],
						"3.6667": [0, 0.4, 0],
						"3.8333": [0, -0.1, 0],
						"3.9583": [0, 0, 0]
					}
				},
				"vine": {
					"rotation": {
						"0.0": ["4+math.sin(q.anim_time*90*4-50)*-4", 0, "-5+math.cos(q.anim_time*90*2-120)*4 "],
						"2.0": ["4+math.sin(q.anim_time*90*4-50)*-4", 0, "-5+math.cos(q.anim_time*90*2-120)*4 "]
					}
				},
				"vine2": {
					"rotation": {
						"0.0": ["4+math.sin(q.anim_time*90*4-50)*-4", 0, "-5+math.cos(q.anim_time*90*2-120)*4 "],
						"2.0": ["4+math.sin(q.anim_time*90*4-50)*-4", 0, "-5+math.cos(q.anim_time*90*2-120)*4 "]
					}
				},
				"vine4": {
					"rotation": {
						"0.0": ["math.sin(q.anim_time*90*4-50)*-4", 0, "-5+math.cos(q.anim_time*90*2-120)*4 "],
						"2.0": ["math.sin(q.anim_time*90*4-50)*-4", 0, "-5+math.cos(q.anim_time*90*2-120)*4 "]
					},
					"scale": {
						"0.0": [1, 1, 1],
						"2.0": [1, 1, 1]
					}
				},
				"vine5": {
					"rotation": {
						"0.0": ["math.sin(q.anim_time*90*4-50)*-4", 0, "-5+math.cos(q.anim_time*90*2-120)*4 "],
						"2.0": ["math.sin(q.anim_time*90*4-50)*-4", 0, "-5+math.cos(q.anim_time*90*2-120)*4 "]
					}
				},
				"vine3": {
					"rotation": {
						"0.0": ["4+math.sin(q.anim_time*90*4-50)*-4", 0, "-5+math.cos(q.anim_time*90*2-120)*4 "],
						"2.0": ["4+math.sin(q.anim_time*90*4-50)*-4", 0, "-5+math.cos(q.anim_time*90*2-120)*4 "]
					}
				},
				"tongue": {
					"rotation": ["0+math.sin(q.anim_time*90*10-30)*-6", 0, 0]
				},
				"tongue2": {
					"rotation": ["0+math.sin(q.anim_time*90*10-150)*-10", 0, 0]
				},
				"body2": {
					"rotation": [32.5, "0+math.mod(q.anim_time*1, 1)*360", 0],
					"position": [-7, 4, -20]
				},
				"head2": {
					"rotation": ["0-math.sin(query.anim_time*90*10)*7", 0, "0-math.sin(query.anim_time*90*5-80)*7"]
				},
				"leg_front_right2": {
					"rotation": ["14.6277071096+math.sin(query.anim_time*90*10-60)*10", 46.55847, 10.73052]
				},
				"leg_front_left2": {
					"rotation": {
						"0.0": [82.43989, -5.75289, 56.87406],
						"1.0": [82.43989, -5.75289, 56.87406]
					}
				},
				"leg_back_right2": {
					"rotation": {
						"0.0": {
							"post": [-10, 0, -15],
							"lerp_mode": "catmullrom"
						},
						"0.5": {
							"post": [-10, 0, -7.5],
							"lerp_mode": "catmullrom"
						},
						"1.0": {
							"post": [-10, 0, -15],
							"lerp_mode": "catmullrom"
						},
						"4.0": {
							"post": [-10, 0, -15],
							"lerp_mode": "catmullrom"
						}
					},
					"position": {
						"0.0": {
							"post": [0, -0.25, 0],
							"lerp_mode": "catmullrom"
						},
						"0.5": {
							"post": [0, -1.75, 0],
							"lerp_mode": "catmullrom"
						},
						"0.75": {
							"post": [0, -1.75, 0],
							"lerp_mode": "catmullrom"
						},
						"1.0": {
							"post": [0, -0.75, 0],
							"lerp_mode": "catmullrom"
						},
						"1.5": {
							"post": [0, -1.75, 0],
							"lerp_mode": "catmullrom"
						},
						"2.5": {
							"post": [0, -1.75, 0],
							"lerp_mode": "catmullrom"
						},
						"3.5": {
							"post": [0, -1.58, 0],
							"lerp_mode": "catmullrom"
						},
						"4.0": {
							"post": [0, -0.25, 0],
							"lerp_mode": "catmullrom"
						}
					}
				},
				"leg_back_left2": {
					"rotation": {
						"0.0": [-11.93845, 3.73171, 17.10967],
						"4.0": [-11.93845, 3.73171, 17.10967]
					},
					"position": {
						"0.0": [0, -1, 0],
						"0.5": [0, -2, 0],
						"4.0": [0, -1, 0]
					}
				},
				"speaker1": {
					"scale": ["1-math.sin(query.anim_time*90*15)*0.1", "1-math.sin(query.anim_time*90*15-80)*0.05", "1-math.sin(query.anim_time*90*15-140)*0.05"]
				},
				"speaker2": {
					"position": [0, 0, 0],
					"scale": ["1-math.sin(query.anim_time*90*15)*0.1", "1-math.sin(query.anim_time*90*15-80)*0.05", "1-math.sin(query.anim_time*90*15-140)*0.05"]
				},
				"speaker3": {
					"scale": ["1-math.sin(query.anim_time*90*15)*0.1", "1-math.sin(query.anim_time*90*15-80)*0.05", "1-math.sin(query.anim_time*90*15-140)*0.05"]
				},
				"disc": {
					"rotation": {
						"0.0": [0, "0+math.mod(q.anim_time*1, 1)*360", 0],
						"0.5": [15, "0+math.mod(q.anim_time*1, 1)*360", 0],
						"1.0": [-0.40896, "-3.4459+math.mod(q.anim_time*1, 1)*360", -1.13993],
						"1.5": [15, "0+math.mod(q.anim_time*1, 1)*360", 0],
						"2.0": [0, "0+math.mod(q.anim_time*1, 1)*360", 0],
						"2.5": [15, "0+math.mod(q.anim_time*1, 1)*360", 0],
						"3.0": [0, "0+math.mod(q.anim_time*1, 1)*360", 0],
						"3.5": [15, "0+math.mod(q.anim_time*1, 1)*360", 0],
						"4.0": [0, "0+math.mod(q.anim_time*1, 1)*360", 0]
					}
				},
				"speaker6": {
					"scale": ["1-math.sin(query.anim_time*90*15)*0.1", "1-math.sin(query.anim_time*90*15-80)*0.05", "1-math.sin(query.anim_time*90*15-140)*0.05"]
				},
				"speaker4": {
					"scale": ["1-math.sin(query.anim_time*90*15)*0.1", "1-math.sin(query.anim_time*90*15-80)*0.05", "1-math.sin(query.anim_time*90*15-140)*0.05"]
				},
				"speaker5": {
					"scale": ["1-math.sin(query.anim_time*90*15)*0.1", "1-math.sin(query.anim_time*90*15-80)*0.05", "1-math.sin(query.anim_time*90*15-140)*0.05"]
				},
				"disc2": {
					"rotation": [7.5, "0-math.mod(q.anim_time*0.5, 1)*360", 0]
				},
				"torso2": {
					"rotation": ["0-math.cos(q.anim_time*90*2)*-2", "math.sin(q.anim_time*90*1)*0.5", "math.cos(q.anim_time*90*2)*-0.5"],
					"position": [0, "math.sin(q.anim_time*90*2)*0.1", 0]
				},
				"tail4": {
					"rotation": [0, "0+math.sin(q.anim_time*90*5)*20", 0]
				},
				"twig": {
					"rotation": [0, 0, "math.cos(q.anim_time*90*1-50)*5 "]
				},
				"leaf_left": {
					"rotation": [0, "math.cos(q.anim_time*90*2)*2", "math.cos(q.anim_time*90*1-80)*5 "]
				},
				"leaf_right": {
					"rotation": [0, "math.cos(q.anim_time*90*2)*2", "math.cos(q.anim_time*90*1-80)*5 "]
				},
				"jaw2": {
					"rotation": [20, 0, 0]
				}
			}
		},
		"animation.torterra_dawnian.sleep": {
			"loop": true,
			"animation_length": 76.25,
			"bones": {
				"body": {
					"position": [0, -6, 0]
				},
				"torso": {
					"rotation": ["0+math.sin(q.anim_time*90*0.7-30)*0.5", "0-math.sin(query.anim_time*90*15-60)*0.1", "-5+math.sin(q.anim_time*90*0.7-30)*0.5"]
				},
				"head": {
					"rotation": ["7.0147+math.sin(q.anim_time*90*0.7+30)*2", "-8.07169+math.sin(query.anim_time*90*15-60)*0.2", "1.6178+math.sin(q.anim_time*90*0.7)*1"]
				},
				"eyelid_left": {
					"position": [0.1, 0, 0]
				},
				"eyelid_right": {
					"position": [-0.1, 0, 0]
				},
				"jaw": {
					"rotation": ["0+math.sin(q.anim_time*90*0.7+30)*3", 0, 0]
				},
				"tail": {
					"rotation": [-12.5, "12.5+math.sin(q.anim_time*90*0.7-30)*2", 0]
				},
				"tail2": {
					"rotation": [5, "10+math.sin(q.anim_time*90*0.7-60)*2", 0]
				},
				"tail3": {
					"rotation": [0, "22.5+math.sin(q.anim_time*90*0.7-90)*2", 0]
				},
				"leg_front_left": {
					"rotation": ["-15.24+math.sin(q.anim_time*90*0.7-60)*2", -19.35, -65.11]
				},
				"foot_front_left": {
					"rotation": [0, 0, -12.5]
				},
				"leg_back_left": {
					"rotation": ["30.2843-math.sin(q.anim_time*90*0.7-60)*2", -8.98895, -64.44484],
					"position": [0, 0, 0]
				},
				"foot_back_left": {
					"rotation": [0, 0, -15]
				},
				"leg_back_right": {
					"rotation": ["12.5+math.sin(q.anim_time*90*0.7-60)*2", 0, 65]
				},
				"foot_back_right": {
					"rotation": [0, 0, 15]
				},
				"leg_front_right": {
					"rotation": ["-29.197-math.sin(q.anim_time*90*0.7-60)*2", -8.76, 70.12]
				},
				"foot_front_right": {
					"rotation": [0, 0, 12.5]
				},
				"leaves": {
					"rotation": ["0+math.sin(q.anim_time*90*0.7-90)*0.8", 0, "0+math.sin(q.anim_time*90*0.7-120)*1"]
				},
				"vine": {
					"rotation": ["4+math.sin(q.anim_time*90*0.7-90)*0.8", 0, "3+math.sin(q.anim_time*90*0.7-120)*1"]
				},
				"vine2": {
					"rotation": ["4+math.sin(q.anim_time*90*0.7-90)*0.8", 0, "3+math.sin(q.anim_time*90*0.7-120)*1"]
				},
				"vine4": {
					"rotation": ["2+math.sin(q.anim_time*90*0.7-90)*0.8", 0, "3+math.sin(q.anim_time*90*0.7-120)*1"]
				},
				"vine5": {
					"rotation": ["4+math.sin(q.anim_time*90*0.7-90)*0.8", 0, "3+math.sin(q.anim_time*90*0.7-120)*1"]
				},
				"vine3": {
					"rotation": ["4+math.sin(q.anim_time*90*0.7-90)*0.8", 0, "3+math.sin(q.anim_time*90*0.7-120)*1"]
				},
				"tongue2": {
					"rotation": ["0+math.sin(q.anim_time*90*0.7-60)*6", 0, 0]
				},
				"speaker1": {
					"rotation": [2.10155, -0.57975, -1.40241],
					"scale": ["1-math.sin(query.anim_time*90*7)*0.1", "1-math.sin(query.anim_time*90*7-0)*0.05", "1-math.sin(query.anim_time*90*7-140)*0.05"]
				},
				"speaker2": {
					"position": [0, 0, 0],
					"scale": ["1-math.sin(query.anim_time*90*7)*0.1", "1-math.sin(query.anim_time*90*7-0)*0.05", "1-math.sin(query.anim_time*90*7-140)*0.05"]
				},
				"speaker3": {
					"scale": ["1-math.sin(query.anim_time*90*7)*0.05", "1+math.sin(query.anim_time*90*7-40)*0.025", "1-math.sin(query.anim_time*90*7-140)*0.025"]
				},
				"speaker6": {
					"scale": ["1-math.sin(query.anim_time*90*7)*0.1", "1-math.sin(query.anim_time*90*7-0)*0.05", "1-math.sin(query.anim_time*90*7-140)*0.05"]
				},
				"speaker4": {
					"scale": ["1-math.sin(query.anim_time*90*7)*0.05", "1+math.sin(query.anim_time*90*7-40)*0.025", "1-math.sin(query.anim_time*90*7-140)*0.025"]
				},
				"speaker5": {
					"scale": ["1-math.sin(query.anim_time*90*7)*0.1", "1-math.sin(query.anim_time*90*7-0)*0.05", "1-math.sin(query.anim_time*90*7-140)*0.05"]
				},
				"turtwig": {
					"rotation": ["42.5-5+math.sin(q.anim_time*90*0.7-30)*0.5", "00-math.sin(query.anim_time*90*15-60)*0.1", "-12.50+math.sin(q.anim_time*90*0.7-30)*0.5"],
					"position": [-3, 0, 0]
				},
				"torso2": {
					"rotation": ["0+math.cos(q.anim_time*90*1-90)*1", 0, "0+math.sin(q.anim_time*90*1-90)*1"]
				},
				"head2": {
					"rotation": ["-15+math.cos(q.anim_time*90*1-60)*2", -4.6352, -21.9276],
					"position": [0, 0, 0]
				},
				"jaw2": {
					"rotation": [-25, 0, 0]
				},
				"eye_left2": {
					"rotation": [-172.5, 0, 0],
					"position": [0, 0, 1]
				},
				"eye_right2": {
					"rotation": [185, 0, 0],
					"position": [0, 0, 1]
				},
				"leg_front_right2": {
					"rotation": ["-29.197-math.sin(q.anim_time*90*0.7-60)*2", 11.53486, -4.8493]
				},
				"leg_front_left2": {
					"rotation": ["-15.6274+math.sin(q.anim_time*90*0.7-60)*2", -11.94737, 3.70265]
				},
				"leg_back_right2": {
					"rotation": ["43.1258+math.sin(q.anim_time*90*0.7-60)*2", -0.39819, 100.00137],
					"position": [0, 0, 2]
				},
				"leg_back_left2": {
					"rotation": ["80.2843-math.sin(q.anim_time*90*0.7-60)*2", 34.65749, -5.22206],
					"position": [0, 0, 2]
				}
			}
		},
		"animation.torterra_dawnian.blink": {
			"animation_length": 1.1667,
			"bones": {
				"eyelid_left": {
					"position": {
						"0.0": [0.1, 0, 0],
						"0.125": [0.1, 0, 0],
						"0.1667": [0, 0, 0]
					}
				},
				"eyelid_right": {
					"position": {
						"0.0": [-0.1, 0, 0],
						"0.125": [-0.1, 0, 0],
						"0.1667": [0, 0, 0]
					}
				}
			}
		},
		"animation.torterra_dawnian.cry": {
			"animation_length": 2.125,
			"bones": {
				"neck": {
					"rotation": {
						"0.0": [0, 0, 0],
						"0.25": [10, 0, 0],
						"1.25": [10, 0, 0],
						"1.5": [0, 0, 0]
					}
				},
				"head": {
					"rotation": {
						"0.0": [0, 0, 0],
						"0.1667": [14.77, 0, 0],
						"0.375": [-4.48, 0, "0.25+math.cos(q.anim_time*90*20+90)*5"],
						"0.625": [-6.02571, 0, "0.4814+math.cos(q.anim_time*90*20+90)*5"],
						"0.875": [-12.15657, 0, "0.8758+math.cos(q.anim_time*90*20+90)*5"],
						"1.1667": [-2.23, 0, "-1+math.cos(q.anim_time*90*20-30)*3"],
						"1.4583": [9.02437, 0, -1.36558],
						"1.8333": [0, 0, 0]
					}
				},
				"jaw": {
					"rotation": {
						"0.0": [0, 0, 0],
						"0.125": [4.17, 0, 0],
						"0.25": [20, 0, 0],
						"0.5": [37.5, 0, 0],
						"0.7083": [16.25, 0, 0],
						"1.0": [38.5, 0, 0],
						"1.375": [25, 0, 0],
						"1.5833": [0, 0, 0]
					}
				},
				"torso": {
					"rotation": {
						"0.0": [0, 0, 0],
						"0.1667": [2.77, 0, 0],
						"0.375": [-5.56333, 0, 0.31062],
						"0.7917": [-7.23, 0, "-1+math.cos(q.anim_time*90*18+30)*2"],
						"1.0417": [-11.23, 0, "-1+math.cos(q.anim_time*90*18+30)*4"],
						"1.7083": [-0.31947, 0, -1.14357],
						"1.8333": [0, 0, 0]
					}
				},
				"tail": {
					"rotation": {
						"0.2083": [0, 0, 0],
						"0.4167": [3, 0, 0],
						"1.0417": [3, 0, 0],
						"1.5417": [0, 0, 0]
					}
				},
				"tail2": {
					"rotation": {
						"0.2083": [0, 0, 0],
						"0.4167": [6, 0, 0],
						"1.0417": [10, 0, 0],
						"1.5417": [0, 0, 0]
					}
				},
				"tail3": {
					"rotation": {
						"0.2083": [0, 0, 0],
						"0.4167": [6, 0, 0],
						"1.0417": [12, 0, 0],
						"1.5417": [0, 0, 0]
					}
				},
				"leaves": {
					"rotation": {
						"0.0417": [0, 0, 0],
						"0.2917": [0, 0, 0],
						"0.875": [0, 0, "-1+math.sin(q.anim_time*90*18-120)*5"],
						"1.2917": [0, 0, "-1+math.sin(q.anim_time*90*20+30)*2"],
						"1.625": [0, 0, 0]
					}
				},
				"vine": {
					"rotation": {
						"0.0833": [0, 0, 0],
						"0.3333": [0, 0, 0],
						"1.125": [0, 0, "-1+math.sin(q.anim_time*90*18)*-8"],
						"1.375": [0, 0, "1+math.sin(q.anim_time*90*18)*-2"],
						"2.0833": [0, 0, 0]
					}
				},
				"vine2": {
					"rotation": {
						"0.0833": [0, 0, 0],
						"0.3333": [0, 0, 0],
						"1.125": [0, 0, "-1+math.sin(q.anim_time*90*18-20)*-8"],
						"1.375": [0, 0, "1+math.sin(q.anim_time*90*18-20)*-2"],
						"2.0833": [0, 0, 0]
					}
				},
				"vine4": {
					"rotation": {
						"0.0833": [0, 0, 0],
						"0.3333": [0, 0, 0],
						"1.125": [0, 0, "-1+math.sin(q.anim_time*90*18-30)*-8"],
						"1.375": [0, 0, "1+math.sin(q.anim_time*90*18-30)*-2"],
						"2.0833": [0, 0, 0]
					}
				},
				"vine5": {
					"rotation": {
						"0.0833": [0, 0, 0],
						"0.3333": [0, 0, 0],
						"1.125": [0, 0, "-1+math.sin(q.anim_time*90*18-25)*-8"],
						"1.375": [0, 0, "1+math.sin(q.anim_time*90*18-25)*-2"],
						"2.0833": [0, 0, 0]
					}
				},
				"vine3": {
					"rotation": {
						"0.0833": [0, 0, 0],
						"0.3333": [0, 0, 0],
						"1.125": [0, 0, "-1+math.sin(q.anim_time*90*18-15)*-8"],
						"1.375": [0, 0, "1+math.sin(q.anim_time*90*18-15)*-2"],
						"2.0833": [0, 0, 0]
					}
				},
				"speaker1": {
					"scale": {
						"0.0": [1, 1, 1],
						"0.4583": ["1-math.sin(query.anim_time*90*15)*0.1", "1-math.sin(query.anim_time*90*15-80)*0.05", "1-math.sin(query.anim_time*90*15-140)*0.05"],
						"1.5": ["1-math.sin(query.anim_time*90*15)*0.1", "1-math.sin(query.anim_time*90*15-80)*0.05", "1-math.sin(query.anim_time*90*15-140)*0.05"],
						"1.7917": [1, 1, 1]
					}
				},
				"speaker2": {
					"position": {
						"0.0": [0, 0, 0],
						"0.4583": [0, 0, 0],
						"1.5": [0, 0, 0],
						"1.7917": [0, 0, 0]
					},
					"scale": {
						"0.0": [1, 1, 1],
						"0.4583": ["1-math.sin(query.anim_time*90*15)*0.1", "1-math.sin(query.anim_time*90*15-80)*0.05", "1-math.sin(query.anim_time*90*15-140)*0.05"],
						"1.5": ["1-math.sin(query.anim_time*90*15)*0.1", "1-math.sin(query.anim_time*90*15-80)*0.05", "1-math.sin(query.anim_time*90*15-140)*0.05"],
						"1.7917": [1, 1, 1]
					}
				},
				"speaker3": {
					"scale": {
						"0.0": [1, 1, 1],
						"0.4583": ["1-math.sin(query.anim_time*90*15)*0.1", "1-math.sin(query.anim_time*90*15-80)*0.05", "1-math.sin(query.anim_time*90*15-140)*0.05"],
						"1.5": ["1-math.sin(query.anim_time*90*15)*0.1", "1-math.sin(query.anim_time*90*15-80)*0.05", "1-math.sin(query.anim_time*90*15-140)*0.05"],
						"1.7917": [1, 1, 1]
					}
				},
				"speaker6": {
					"scale": {
						"0.0": [1, 1, 1],
						"0.4583": ["1-math.sin(query.anim_time*90*15)*0.1", "1-math.sin(query.anim_time*90*15-80)*0.05", "1-math.sin(query.anim_time*90*15-140)*0.05"],
						"1.5": ["1-math.sin(query.anim_time*90*15)*0.1", "1-math.sin(query.anim_time*90*15-80)*0.05", "1-math.sin(query.anim_time*90*15-140)*0.05"],
						"1.7917": [1, 1, 1]
					}
				},
				"speaker4": {
					"scale": {
						"0.0": [1, 1, 1],
						"0.4583": ["1-math.sin(query.anim_time*90*15)*0.1", "1-math.sin(query.anim_time*90*15-80)*0.05", "1-math.sin(query.anim_time*90*15-140)*0.05"],
						"1.5": ["1-math.sin(query.anim_time*90*15)*0.1", "1-math.sin(query.anim_time*90*15-80)*0.05", "1-math.sin(query.anim_time*90*15-140)*0.05"],
						"1.7917": [1, 1, 1]
					}
				},
				"speaker5": {
					"scale": {
						"0.0": [1, 1, 1],
						"0.4583": ["1-math.sin(query.anim_time*90*15)*0.1", "1-math.sin(query.anim_time*90*15-80)*0.05", "1-math.sin(query.anim_time*90*15-140)*0.05"],
						"1.5": ["1-math.sin(query.anim_time*90*15)*0.1", "1-math.sin(query.anim_time*90*15-80)*0.05", "1-math.sin(query.anim_time*90*15-140)*0.05"],
						"1.7917": [1, 1, 1]
					}
				},
				"head2": {
					"rotation": {
						"0.0": [0, 0, 0],
						"0.1667": {
							"pre": [-2.5, 0, 0],
							"post": [-2.5, 0, 0],
							"lerp_mode": "catmullrom"
						},
						"0.2917": {
							"post": [0.49931, -0.02617, 2.99989],
							"lerp_mode": "catmullrom"
						},
						"0.5417": {
							"post": [-10.73761, 0.13588, -2.90971],
							"lerp_mode": "catmullrom"
						},
						"0.7083": {
							"post": [-30.00069, -0.02617, 2.99989],
							"lerp_mode": "catmullrom"
						},
						"0.9583": {
							"post": [-21, 0, 0],
							"lerp_mode": "catmullrom"
						},
						"1.4167": [0, 0, 0]
					}
				},
				"twig": {
					"rotation": {
						"0.0417": [0, 0, 0],
						"0.125": {
							"pre": [3, 0, 0],
							"post": [3, 0, 0],
							"lerp_mode": "catmullrom"
						},
						"0.3333": {
							"post": [-13.10169, -1.13614, -4.86953],
							"lerp_mode": "catmullrom"
						},
						"0.5": {
							"post": [4.34588, -0.18956, 2.49281],
							"lerp_mode": "catmullrom"
						},
						"0.6667": {
							"post": [9.34126, 0.40604, -2.46683],
							"lerp_mode": "catmullrom"
						},
						"0.875": {
							"post": [-10.65, 0, 0],
							"lerp_mode": "catmullrom"
						},
						"1.125": [0, 0, 0]
					}
				},
				"leaf_left": {
					"rotation": {
						"0.0833": [0, 0, 0],
						"0.2917": {
							"pre": [0, 0, 0],
							"post": [0, 0, 0],
							"lerp_mode": "catmullrom"
						},
						"0.5": {
							"post": [0, 0, -7.5],
							"lerp_mode": "catmullrom"
						},
						"0.7083": {
							"post": [0, 0, 6.09],
							"lerp_mode": "catmullrom"
						},
						"0.9583": {
							"post": [0, 0, -7.5],
							"lerp_mode": "catmullrom"
						},
						"1.1667": [0, 0, 0]
					}
				},
				"leaf_right": {
					"rotation": {
						"0.0833": [0, 0, 0],
						"0.2917": {
							"pre": [0, 0, 0],
							"post": [0, 0, 0],
							"lerp_mode": "catmullrom"
						},
						"0.5": {
							"post": [0, 0, -7.5],
							"lerp_mode": "catmullrom"
						},
						"0.7083": {
							"post": [0, 0, 6.09],
							"lerp_mode": "catmullrom"
						},
						"0.9583": {
							"post": [0, 0, -7.5],
							"lerp_mode": "catmullrom"
						},
						"1.1667": [0, 0, 0]
					}
				},
				"jaw2": {
					"rotation": {
						"0.0": [0, 0, 0],
						"0.1667": [0, 0, 0],
						"0.25": {
							"pre": [16.5, 0, 0],
							"post": [16.5, 0, 0],
							"lerp_mode": "catmullrom"
						},
						"0.3333": {
							"post": [21.5, 0, 0],
							"lerp_mode": "catmullrom"
						},
						"0.375": {
							"post": [16.5, 0, 0],
							"lerp_mode": "catmullrom"
						},
						"0.4583": {
							"post": [21.5, 0, 0],
							"lerp_mode": "catmullrom"
						},
						"0.5833": {
							"post": [16.5, 0, 0],
							"lerp_mode": "catmullrom"
						},
						"0.625": {
							"post": [21.5, 0, 0],
							"lerp_mode": "catmullrom"
						},
						"0.7917": {
							"post": [41.38, 0, 0],
							"lerp_mode": "catmullrom"
						},
						"0.9583": {
							"post": [0.39, 0, 0],
							"lerp_mode": "catmullrom"
						},
						"1.0833": [0, 0, 0]
					}
				}
			},
			"sound_effects": {
				"0.125": {
					"effect": "pokemon.torterra_dawnian.cry"
				},
				"0.2083": {
					"effect": "pokemon.turtwig_dawnian.cry"
				}
			}
		},
		"animation.torterra_dawnian.faint": {
			"animation_length": 3,
			"bones": {
				"torso": {
					"rotation": {
						"0.0": [0, 0, 0],
						"0.375": [-3.98055, -0.27829, -8.99519],
						"0.6667": [-1.48284, 0.24323, -1.51332],
						"0.8333": ["-3.9828+math.cos(q.anim_time*90*20+30)*-0.2", 0.24323, -1.51332],
						"1.625": [-3.9828, 0.24323, 0],
						"1.875": [-11.4828, 0.24323, 0],
						"2.0": [-7, 0, 0],
						"2.2083": [0, 0, 0]
					},
					"position": {
						"0.0": [0, 0, 0],
						"0.6667": [0, 0.04, 0],
						"0.7083": [0, -0.18, 0],
						"0.8333": [0, "0.1+math.cos(q.anim_time*90*20+30)*0.2", 0],
						"1.625": [0, 0, 0],
						"1.875": [0, 1.1, 0]
					}
				},
				"head": {
					"rotation": {
						"0.0": [3, 1, 0],
						"0.375": [13.01393, -0.80588, 9.72515],
						"0.5417": [18.24561, -0.40247, 5.57794],
						"0.6667": [-4.43003, 0.1623, -0.22815],
						"0.8333": ["-4.43+math.cos(q.anim_time*90*20+60)*1", 0.16, -0.23],
						"1.625": [-4.43003, 0.1623, -0.22815],
						"1.75": [2.56997, 0.1623, -0.22815],
						"1.875": [-10.43003, 0.1623, -0.22815],
						"2.0833": [-2.8586, 0.1623, -0.22815],
						"2.1667": [8.56997, 0.1623, -0.22815],
						"2.2917": [1.56997, 0.1623, -0.22815],
						"2.5417": [6.06997, 0.1623, -0.22815]
					}
				},
				"jaw": {
					"rotation": {
						"0.0": [0, 0, 0],
						"0.2917": [15, 0, 0],
						"0.5833": [5.71, 0, 0],
						"0.75": [47.5, 0, 0],
						"0.8333": ["47.5+math.cos(q.anim_time*90*20+60)*-4", 0, 0],
						"1.625": [47.5, 0, 0],
						"2.0417": [9.62, 0, 0],
						"2.1667": [0, 0, 0]
					}
				},
				"tail": {
					"rotation": {
						"0.0": [-12.5, 3.4641, -1.28558],
						"0.25": [-12.82226, 13.22216, -3.49819],
						"0.5": [-7.7, 0.41, -0.62],
						"0.5833": ["-7.4807+math.cos(q.anim_time*90*20+60)*2", -1.41771, -0.20436],
						"1.4167": [-10.50198, 4.53117, -0.98655],
						"1.75": [-16.58198, 1.77817, 2.06546],
						"1.8333": [-17.28, 0.7, 0.99],
						"1.9167": [-10.46902, -0.38543, -0.0763],
						"2.0833": [-5.96902, -0.38543, -0.0763],
						"2.1667": [2.03098, -0.38543, -0.0763],
						"2.3333": [-8.96902, -0.38543, -0.0763],
						"2.5": [-6.96902, -0.38543, -0.0763],
						"2.75": [-10.96902, -0.38543, -0.0763]
					}
				},
				"tail2": {
					"rotation": {
						"0.0": [2.5, 1.5, -1.73205],
						"0.1667": [-0.79212, -1.83881, -1.29786],
						"0.375": [-2.44971, 11.49034, -1.28919],
						"0.625": [8.57, -5.96, -1.03],
						"0.7083": ["10.1419+math.cos(q.anim_time*90*20-30)*2", -8.45531, -0.9912],
						"1.5": [5.06261, -3.41608, -0.8852],
						"1.75": [11.93761, -3.41608, -0.8852],
						"1.8333": [7.56261, -3.41608, -0.8852],
						"2.0": [5.06261, -3.41608, -0.8852],
						"2.1667": [-2.43739, -3.41608, -0.8852],
						"2.2917": [15.06261, -3.41608, -0.8852],
						"2.4583": [-2.43739, -3.41608, -0.8852],
						"2.5833": [5.06261, -3.41608, -0.8852],
						"2.7917": [-2.43739, -3.41608, -0.8852]
					}
				},
				"tail3": {
					"rotation": {
						"0.0": [-7.5, 0, -2],
						"0.25": [-6.12616, -13.02957, 0.93064],
						"0.3333": [-11.02, 0.74, -1.62],
						"0.4583": [-12.61435, 9.91358, -3.31845],
						"0.5833": [-4.26, 4.9, -2.66],
						"0.7083": [9.45, -5.12, -1.33],
						"0.7917": ["12.604+math.cos(q.anim_time*90*20-60)*6", -7.27163, -1.05164],
						"0.9167": [7.45, -5.4, -1.17],
						"1.5417": [7.67114, 3.9539, -2.34355],
						"1.6667": [1.56748, 5.20118, -2.4871],
						"1.8333": [5.56748, 3.00118, -2.5871],
						"1.9583": [9.9, -6.6, -2.39],
						"2.0417": [11.56748, -9.49882, -1.8871],
						"2.125": [-6.31, -10.5, -0.64],
						"2.2083": [-10.93252, -2.59882, 0.5629],
						"2.25": [8.08, 5, 1.21],
						"2.3333": [19.06748, 7.70118, 1.5629],
						"2.4167": [3.68, 8.77, 1.37],
						"2.5": [-5.70211, 5.14587, 1.01932],
						"2.625": [6.29789, 1.64587, -0.28068],
						"2.7083": [10.54789, 0.34587, -0.38068],
						"2.875": [8.6, 0, 0]
					}
				},
				"body": {
					"position": {
						"0.75": [0, 0, 0],
						"0.8333": [0, -0.4, 0],
						"0.875": [0, 0.2, 0],
						"1.0": [0, -0.2, 0],
						"1.125": [0, 0.1, 0],
						"1.25": [0, 0, 0],
						"1.4583": [0, 0, 0],
						"1.75": [0, 0, 1.1],
						"1.8333": [0, 0.2, -0.4],
						"1.875": [0, -0.48, -2.3],
						"2.125": [0, -7.5, -8.4],
						"2.2083": [0, -6.2, -8.4],
						"2.2917": [0, -6.7, -8.4],
						"2.375": [0, -6.4, -8.4],
						"2.5417": [0, -6.9, -8.4]
					}
				},
				"eyelid_left": {
					"position": {
						"0.3333": [0, 0, 0],
						"0.375": [0.1, 0, 0],
						"0.5": [0.1, 0, 0],
						"0.5417": [0, 0, 0],
						"2.0833": [0, 0, 0],
						"2.125": [0.1, 0, 0]
					}
				},
				"eyelid_right": {
					"position": {
						"0.3333": [0, 0, 0],
						"0.375": [-0.1, 0, 0],
						"0.5": [-0.1, 0, 0],
						"0.5417": [0, 0, 0],
						"2.0833": [0, 0, 0],
						"2.125": [-0.1, 0, 0]
					}
				},
				"leg_front_left": {
					"rotation": {
						"0.0": [0, 0, 0],
						"0.4583": [-44.51332, -3.14572, -29.65833],
						"0.5833": [-22.28003, 8.64682, -13.84667],
						"0.6667": [0, 0, 10],
						"1.4583": [0, 0, 10],
						"1.75": [-5, 0, 0],
						"1.875": [-29.41732, -10.54654, 5.02049],
						"1.9583": [-55.67171, -11.09361, 0.81913],
						"2.0417": [-74.42611, -11.64069, -3.38223],
						"2.1667": [-78.61982, -18.52156, -6.47484]
					},
					"position": {
						"0.0": [0, 0, 0],
						"0.4583": [3.05, 0, -0.6],
						"0.5833": [2.03, 1.3, -0.4],
						"0.6667": [0, -0.3, 0],
						"1.4583": [0, -0.3, 0],
						"1.75": [0, 0.2, 0],
						"1.875": [0.3, 0.1, -1.5],
						"1.9583": [1.1, 0.05, -2.35],
						"2.0417": [1.9, 0.3, -1.8],
						"2.1667": [1.9, 0, -1.7],
						"2.25": [1.9, -0.4, -1.7],
						"2.375": [1.9, -0.1, -1.7],
						"2.5833": [1.9, -0.3, -1.7]
					}
				},
				"foot_front_left": {
					"rotation": {
						"0.0": [0, 0, 0],
						"0.4167": [47.07993, -4.98653, 8.17337],
						"0.5417": [14.47674, -5.82869, 6.58583],
						"0.625": [-3.20158, -3.15103, 1.25896],
						"0.6667": [0, 0, -10],
						"1.4583": [0, 0, -10],
						"1.75": [0, 0, 0],
						"1.875": [14.91615, 1.29876, -13.38733],
						"1.9583": [-2.5, 0, -11],
						"2.0417": [10, 0, -16],
						"2.1667": [-5, 0, -16]
					}
				},
				"leg_back_left": {
					"rotation": {
						"0.0": [0, 0, 0],
						"1.4583": [0, 0, 0],
						"1.75": [-11.67, 0, 0],
						"1.8333": [5, 0, 0],
						"2.125": [93.71227, 18.42031, -7.92945],
						"2.2917": [83.71227, 18.42031, -7.92945]
					},
					"position": {
						"0.0": [0, 0, 0],
						"1.4583": [0, 0, 0],
						"1.75": [0, -0.7, 0],
						"1.8333": [0, 0, 0],
						"2.125": [1.5, -0.1, 1.5],
						"2.2917": [1.5, -0.7, 1.5]
					}
				},
				"foot_back_left": {
					"rotation": {
						"0.0": [0, 0, 0],
						"1.4583": [0, 0, 0],
						"1.75": [10.83, 0, 0],
						"1.8333": [-4, 0, 0],
						"2.0": [11, 0, 0]
					}
				},
				"leg_back_right": {
					"rotation": {
						"0.0": [0, 0, 0],
						"1.4583": [0, 0, 0],
						"1.75": [-11.67, 0, 0],
						"1.8333": [5, 0, 0],
						"2.125": [93.71227, -18.42031, 7.92945],
						"2.2917": [83.71227, -18.42031, 7.92945]
					},
					"position": {
						"0.0": [0, 0, 0],
						"1.4583": [0, 0, 0],
						"1.75": [0, -0.7, 0],
						"1.8333": [0, 0, 0],
						"2.125": [-1.5, -0.1, 1.5],
						"2.2917": [-1.5, -0.7, 1.5]
					}
				},
				"foot_back_right": {
					"rotation": {
						"0.0": [0, 0, 0],
						"1.4583": [0, 0, 0],
						"1.75": [10.83, 0, 0],
						"1.8333": [-4, 0, 0],
						"2.0": [11, 0, 0]
					}
				},
				"leg_front_right": {
					"rotation": {
						"0.0": [0, 0, 0],
						"0.375": [0, 0, 7.5],
						"0.8333": [0, 0, 0],
						"1.4583": [0, 0, 0],
						"1.75": [-5, 0, 0],
						"1.875": [-29.41732, 10.54654, -5.02049],
						"1.9583": [-55.67171, 11.09361, -0.81913],
						"2.0417": [-74.42611, 11.64069, 3.38223],
						"2.1667": [-78.61982, 18.52156, 6.47484]
					},
					"position": {
						"0.0": [0, 0, 0],
						"0.375": [0.7, -0.3, 0],
						"0.8333": [0, 0, 0],
						"1.4583": [0, 0, 0],
						"1.75": [0, 0.2, 0],
						"1.875": [-0.3, 0.1, -1.5],
						"1.9583": [-1.1, 0.05, -2.35],
						"2.0417": [-1.9, 0.3, -1.8],
						"2.1667": [-1.9, 0, -1.7],
						"2.25": [-1.9, -0.4, -1.7],
						"2.375": [-1.9, -0.1, -1.7],
						"2.5833": [-1.9, -0.3, -1.7]
					}
				},
				"foot_front_right": {
					"rotation": {
						"0.0": [0, 0, 0],
						"0.375": [0, 0, -7.5],
						"0.8333": [0, 0, 0],
						"1.4583": [0, 0, 0],
						"1.75": [0, 0, 0],
						"1.875": [14.91615, -1.29876, 13.38733],
						"1.9583": [-2.5, 0, 11],
						"2.0417": [10, 0, 16],
						"2.1667": [-5, 0, 16]
					}
				},
				"leaves": {
					"rotation": {
						"0.125": [0, 0, 0],
						"0.4583": [2.02725, -0.88666, 1.82459],
						"0.625": [2.01195, -0.56221, -2.436],
						"0.7917": [2.04583, -1.01663, -4.8946],
						"0.875": [2.03746, -0.62378, 2.4685],
						"1.0": ["2.0324+math.cos(q.anim_time*90*18 +30)*-1.5", -1.07943, 0.01],
						"1.5833": [-0.48805, -0.56221, -2.436],
						"1.75": [7.01195, -0.56221, -2.436],
						"1.875": [4.51195, -0.56221, -2.436],
						"2.1667": [-5, 0, -2],
						"2.2917": [3, 0, 0],
						"2.4583": [-2, 0, 0],
						"2.75": [2, 0, 0]
					},
					"position": {
						"0.0417": [0, 0, 0],
						"0.75": [0, 0, 0],
						"0.8333": [0, -0.4, 0],
						"0.9167": [0, 0.4, 0],
						"1.0833": [0, 0, 0],
						"2.2917": [0, 0, 0],
						"2.375": [0, -0.4, 0],
						"2.4583": [0, 0.4, 0],
						"2.625": [0, 0, 0]
					}
				},
				"vine": {
					"rotation": {
						"0.0": [4, 0, -5],
						"0.1667": [-0.99905, -0.04362, -7.49962],
						"0.25": [1.2, -0.01, -5.83],
						"0.4167": [9.20855, 0.13052, 2.49887],
						"0.5417": [13.16, -1.4, 6.38],
						"0.6667": [13.94474, -1.7011, 7.15194],
						"0.75": [2.65, -1.95, 4.66],
						"0.875": [-3.34609, -2.96944, -5.29417],
						"0.9583": [0.10342, -2.96944, -5.29417],
						"1.0417": ["14.0539+math.cos(q.anim_time*90*19-30)*6", -2.96944, -5.29417],
						"1.75": [-3.2461, -2.96944, -5.29417],
						"1.7917": [-8.7461, -2.96944, -5.29417],
						"1.875": [-3.31, -2.97, -5.29],
						"2.0": [19.9539, -2.96944, -5.29417],
						"2.125": [32.75, -2.97, -5.29],
						"2.2083": [37.4539, -2.96944, -5.29417],
						"2.375": [-8.75, -2.97, -5.29],
						"2.4167": [-12.98, -2.97, -5.29],
						"2.5": [-15.8461, -2.96944, -5.29417],
						"2.5833": [-11.07, -2.97, -5.29],
						"2.75": [1.9539, -2.96944, -5.29417],
						"2.875": [3.98, -2.97, -5.29],
						"3.0": [3.1539, -2.96944, -5.29417]
					}
				},
				"vine2": {
					"rotation": {
						"0.0": [4, 0, -5],
						"0.1667": [-0.99905, -0.04362, -7.49962],
						"0.25": [1.2, -0.01, -5.83],
						"0.4167": [9.20855, 0.13052, 2.49887],
						"0.5417": [13.16, -1.4, 6.38],
						"0.6667": [13.94474, -1.7011, 7.15194],
						"0.75": [2.65, -1.95, 4.66],
						"0.875": [-3.34609, -2.96944, -5.29417],
						"0.9583": [0.10342, -2.96944, -5.29417],
						"1.0417": ["14.0539+math.cos(q.anim_time*90*19-30)*6", -2.96944, -5.29417],
						"1.75": [-3.2461, -2.96944, -5.29417],
						"1.7917": [-8.7461, -2.96944, -5.29417],
						"1.875": [-3.31, -2.97, -5.29],
						"2.0": [19.9539, -2.96944, -5.29417],
						"2.125": [32.75, -2.97, -5.29],
						"2.2083": [37.4539, -2.96944, -5.29417],
						"2.375": [-8.75, -2.97, -5.29],
						"2.4167": [-12.98, -2.97, -5.29],
						"2.5": [-15.8461, -2.96944, -5.29417],
						"2.5833": [-11.07, -2.97, -5.29],
						"2.75": [1.9539, -2.96944, -5.29417],
						"2.875": [3.98, -2.97, -5.29],
						"3.0": [3.1539, -2.96944, -5.29417]
					}
				},
				"vine4": {
					"rotation": {
						"0.0": [1.49857, -0.06542, -2.50086],
						"0.1667": [-3.49905, -0.04362, -7.49962],
						"0.25": [1.2, -0.01, -5.83],
						"0.4167": [4.20855, 0.13052, 2.49887],
						"0.5417": [5.66, -1.4, 6.38],
						"0.6667": [8.94474, -1.7011, 7.15194],
						"0.75": [2.65, -1.95, 4.66],
						"0.875": [-3.34609, -2.96944, -5.29417],
						"0.9583": [-0.15601, -2.96714, -0.28745],
						"1.0417": [8.20564, -4.85241, "7.0926+math.cos(q.anim_time*90*19-30)*3"],
						"1.75": [-3.60557, -2.52063, 2.20102],
						"1.875": [-3.31, -2.97, -5.29],
						"2.0": [9.9309, -6.75405, -1.13379],
						"2.125": [16.85163, -11.42408, 4.53588],
						"2.2083": [18.24538, -8.73635, 11.32276],
						"2.375": [-8.29225, -4.08287, -12.72118],
						"2.4167": [-12.28457, -5.16227, -15.07203],
						"2.5": [-15.34291, -4.98834, -12.53519],
						"2.5833": [-11.07, -2.97, -5.29],
						"2.75": [1.54939, -3.19902, 2.21321],
						"2.875": [4.10556, -2.79372, -7.78694],
						"3.0": [3.1539, -2.96944, -5.29417]
					}
				},
				"vine5": {
					"rotation": {
						"0.0": [1.49857, -0.06542, -2.50086],
						"0.1667": [-3.49905, -0.04362, -7.49962],
						"0.25": [1.2, -0.01, -5.83],
						"0.4167": [4.20855, 0.13052, 2.49887],
						"0.5417": [5.66, -1.4, 6.38],
						"0.6667": [8.94474, -1.7011, 7.15194],
						"0.75": [2.65, -1.95, 4.66],
						"0.875": [-3.34609, -2.96944, -5.29417],
						"0.9583": [-0.02632, -2.97112, -2.79081],
						"1.0417": [8.91735, -3.35997, "-2.8211+math.cos(q.anim_time*90*19-30)*-3"],
						"1.75": [-3.60557, -2.52063, 2.20102],
						"1.875": [-3.31, -2.97, -5.29],
						"2.0": [9.9309, -6.75405, -1.13379],
						"2.125": [18.85095, -7.57783, -7.52614],
						"2.2083": [20.16104, -0.39397, -12.34174],
						"2.375": [-8.86992, -2.58705, -2.81659],
						"2.4167": [-13.25051, -1.26586, 2.0191],
						"2.5": [-16.09024, -0.90343, 1.92018],
						"2.5833": [-10.59609, -4.38157, -12.67136],
						"2.75": [2.55029, -2.47627, -17.79865],
						"2.875": [3.70635, -3.30534, -0.29376],
						"3.0": [3.1539, -2.96944, -5.29417]
					}
				},
				"vine3": {
					"rotation": {
						"0.0": [4, 0, -5],
						"0.1667": [-0.99905, -0.04362, -7.49962],
						"0.25": [1.2, -0.01, -5.83],
						"0.4167": [9.20855, 0.13052, 2.49887],
						"0.5417": [13.16, -1.4, 6.38],
						"0.6667": [13.94474, -1.7011, 7.15194],
						"0.75": [2.65, -1.95, 4.66],
						"0.875": [-3.34609, -2.96944, -5.29417],
						"0.9583": [0.10342, -2.96944, -5.29417],
						"1.0417": ["14.0539+math.cos(q.anim_time*90*19-30)*6", -2.96944, -5.29417],
						"1.75": [-3.2461, -2.96944, -5.29417],
						"1.7917": [-8.7461, -2.96944, -5.29417],
						"1.875": [-3.31, -2.97, -5.29],
						"2.0": [12.4539, -2.96944, -5.29417],
						"2.125": [20.25, -2.97, -5.29],
						"2.2083": [22.4539, -2.96944, -5.29417],
						"2.375": [-8.75, -2.97, -5.29],
						"2.4167": [-12.98, -2.97, -5.29],
						"2.5": [-15.8461, -2.96944, -5.29417],
						"2.5833": [-11.07, -2.97, -5.29],
						"2.75": [1.9539, -2.96944, -5.29417],
						"2.875": [3.98, -2.97, -5.29],
						"3.0": [3.1539, -2.96944, -5.29417]
					}
				},
				"torso2": {
					"rotation": {
						"0.0": [0, 0, 0],
						"0.125": [7.44, 0, 0],
						"0.2917": [5.44, 0, 0],
						"0.5833": [-5.91, 0, 0],
						"1.4167": ["0.5-math.sin((q.anim_time - 0) * 90 / 1.75) * 5", 0, 0],
						"1.4583": [-6.74625, 0, 0],
						"1.5417": ["-2.8125-math.sin((q.anim_time - 0) * 90 / 1.75) * 5", 0, 0],
						"1.6667": [-7.05, 0, 0],
						"1.7083": ["-1.1563-math.sin((q.anim_time - 0) * 90 / 1.75) * 5", 0, 0],
						"1.75": ["0.2188-math.sin((q.anim_time - 0) * 90 / 1.75) * 5", 0, 0],
						"1.7917": [-1.32625, 0, 0],
						"1.8333": [-0.27125, 0, 0],
						"1.875": [-0.075, 0, 0],
						"2.0": [0, 0, 0]
					},
					"position": {
						"0.0": [0, 0, 0],
						"0.125": [0, -0.3, 0.3],
						"0.4167": [0, -0.3, -0.3],
						"0.625": [0, 0.3498, -0.5716],
						"1.4167": [0, 0.4435, -1.575],
						"1.5": [0, 0.36, -1.84],
						"1.6667": [0, 0.59375, -2.27875],
						"1.7917": [0, 0.685, -2.02375],
						"1.8333": [0, 0.2875, -2.16],
						"1.9167": [0, -2, -3.02875],
						"2.0": [0, -2, -3.0275],
						"2.125": [0, -1.88875, -3.05875],
						"2.25": [0, -1.8125, -3.18375],
						"2.3333": [0, -1.88875, -3.24625],
						"2.4167": [0, -2, -3.2775]
					}
				},
				"tail4": {
					"rotation": {
						"0.0": [0, 0, 0],
						"0.375": [-5.84875, 0, 0],
						"0.6667": [-9.11625, 0, 0],
						"1.0833": [-10.43125, 0, 0],
						"1.4583": [-10.125, 0, 0],
						"1.6667": [-7.7475, 0, 0],
						"1.75": [-2.3125, 0, 0],
						"1.7917": [1.71875, 0, 0],
						"1.8333": [5.06125, 0, 0],
						"1.9167": [4.9975, 0, 0],
						"2.0417": [-2.4675, 0, 0],
						"2.125": [-5.08125, 0, 0],
						"2.25": [-4.295, 0, 0],
						"2.2917": [-6.205, 0, 0],
						"2.4167": [-7.70625, 0, 0],
						"2.5833": [-8.76, 0, 0],
						"2.9167": [-9.62125, 0, 0]
					}
				},
				"head2": {
					"rotation": {
						"0.0": [0, 0, 0],
						"0.125": [10, 0, 0],
						"0.2917": [7, 0, 0],
						"0.4583": [6.61, 0, 0],
						"0.7083": [-9.92375, 0, 0],
						"1.4583": [-13.92375, 0, 0],
						"1.5833": [-14.92375, 0, 0],
						"1.75": [-5.00375, 0, 0],
						"1.875": [-4.71875, 0, 0],
						"1.9167": [-0.57, 0, 0],
						"1.9583": [1.0925, 0, 0],
						"2.0417": [1.9725, 0, 0],
						"2.125": [1.96875, 0, 0],
						"2.2083": [0.20375, 0, 0],
						"2.25": [-0.7575, 0, 0],
						"2.3333": [-1.175, 0, 0],
						"2.4583": [-1.25, 0, 0],
						"2.5417": [-0.8925, 0, 0],
						"2.625": {
							"pre": [-0.66358, 6.2043, 4.22213],
							"post": [-0.66358, 6.2043, 4.22213],
							"lerp_mode": "catmullrom"
						},
						"2.7917": {
							"post": [-10.0381, 13.06915, 7.42686],
							"lerp_mode": "catmullrom"
						}
					},
					"position": {
						"1.625": [0, 0, 0],
						"1.75": [0, -0.535, -0.3],
						"1.875": [0, -1.4675, -0.3],
						"1.9167": [0, -2.71625, -0.3],
						"2.625": [0, -2.71625, -0.3]
					}
				},
				"twig": {
					"rotation": {
						"0.0": [0, 0, 0],
						"0.4167": [-1.14, 0, 0],
						"0.875": [-1.875, 0, 0],
						"1.2917": [-2.32625, 0, 0],
						"1.75": [-2.5, 0, 0],
						"1.8333": [-2.15875, 0, 0],
						"1.9167": [0.625, 0, 0],
						"1.9583": [5.5625, 0, 0],
						"2.0417": [8.3875, 0, 0],
						"2.1667": [9.315, 0, 0],
						"2.25": [9.0575, 0, 0],
						"2.3333": [7.845, 0, 0],
						"2.4167": [7.5725, 0, 0],
						"2.5": [7.78125, 0, 0],
						"2.5417": [8.42, 0, 0],
						"2.625": [10.71625, 0, 0],
						"2.75": [13.6125, 0, 0],
						"2.875": [15.33, 0, 0],
						"2.9583": [15.96875, 0, 0]
					},
					"position": [0, 0, 0]
				},
				"leaf_left": {
					"rotation": {
						"0.0": [0, 0, 0],
						"0.2917": [-1.55875, -4.325, 3.46625],
						"0.75": [-2.6775, -8.17125, 6.59875],
						"1.2083": [-3.165, -10.955, 7.6625],
						"1.625": [-3.48303, -12.83414, 8.26511],
						"1.8333": [-3.48, -13.7075, 8.73875],
						"1.875": [-3.295, -13.3525, 8.99],
						"1.9167": [-2.28875, -8.05625, 9.81125],
						"2.0": [3.89375, 3.37875, 11.22875],
						"2.0417": [13.0225, 11.3425, 11.9425],
						"2.0833": [13.8, 13.44, 12.09],
						"2.125": [13.5767, 14.21631, 12.24069],
						"2.1667": [11.8525, 13.13875, 11.9],
						"2.2083": [8.25, 9.205, 11.56],
						"2.25": [2.68875, 6.3675, 11.22],
						"2.2917": [-0.3802, 5.15214, 11.44664],
						"2.3333": [-1.02625, 5.06375, 11.93625],
						"2.375": [-0.67, 5.42375, 12.295],
						"2.4167": [0.28, 6.3375, 12.9975],
						"2.4583": [3.855, 7.44875, 13.79375],
						"2.5833": [5.16125, 10.86875, 15.2925],
						"2.6667": [5.03058, 14.5099, 17.51958],
						"2.75": [5.03, 16.98, 20.06],
						"2.7917": [5.03, 17.855, 23.70375],
						"2.8333": [5.03, 19.4175, 26.05125]
					}
				},
				"leaf_right": {
					"rotation": {
						"0.0417": [0, 0, 0],
						"0.375": [-1.55875, 4.325, -3.46625],
						"0.8333": [-2.6775, 8.17125, -6.59875],
						"1.2917": [-3.165, 10.955, -7.6625],
						"1.7083": [-3.48303, 12.83414, -8.26511],
						"1.9167": [-3.48, 13.7075, -8.73875],
						"1.9583": [-3.295, 13.3525, -8.99],
						"2.0": [-2.28875, 8.05625, -9.81125],
						"2.0833": [3.89375, -3.37875, -11.22875],
						"2.1667": [13.0225, -11.3425, -11.9425],
						"2.2083": [13.8, -13.44, -12.09],
						"2.25": [13.5767, -14.21631, -12.24069],
						"2.2917": [11.8525, -13.13875, -11.9],
						"2.3333": [8.25, -9.205, -11.56],
						"2.375": [2.68875, -6.3675, -11.22],
						"2.4167": [-0.3802, -5.15214, -11.44664],
						"2.4583": [-2.77625, -5.06375, -11.93625],
						"2.5": [-2.9825, -5.42375, -12.295],
						"2.5417": [-2.2825, -6.3375, -12.9975],
						"2.5833": [0.57375, -7.44875, -13.79375],
						"2.625": [3.23, -9.16, -14.54],
						"2.6667": [4.16125, -10.86875, -15.2925],
						"2.75": [5.03058, -14.5099, -17.51958],
						"2.8333": [5.03, -16.98, -20.06],
						"2.9167": [5.03, -17.855, -23.70375],
						"2.9583": [5.03, -19.4175, -26.05125]
					}
				},
				"jaw2": {
					"rotation": {
						"0.0": [0, 0, 0],
						"0.3333": [2.5, 0, 0],
						"0.5": [-37.5, 0, 0],
						"1.4167": [-37.5, 0, 0],
						"1.5833": [-37.5, 0, 0],
						"1.875": [-37.5, 0, 0],
						"2.0417": [-3, 0, 0],
						"2.25": [0, 0, 0]
					}
				},
				"eyelid_left2": {
					"position": {
						"0.0417": [0, 0, 0],
						"0.0833": [0.1, 0, 0],
						"0.4167": [0.1, 0, 0],
						"0.4583": [0, 0, 0],
						"1.125": [0, 0, 0],
						"1.1667": [0.1, 0, 0],
						"1.5": [0.1, 0, 0],
						"1.5417": [0, 0, 0],
						"1.875": [0, 0, 0],
						"1.9167": [0.1, 0, 0]
					}
				},
				"eyelid_right2": {
					"position": {
						"0.0417": [0, 0, 0],
						"0.0833": [-0.1, 0, 0],
						"0.4167": [-0.1, 0, 0],
						"0.4583": [0, 0, 0],
						"1.125": [0, 0, 0],
						"1.1667": [-0.1, 0, 0],
						"1.5": [-0.1, 0, 0],
						"1.5417": [0, 0, 0],
						"1.875": [0, 0, 0],
						"1.9167": [-0.1, 0, 0]
					}
				},
				"leg_front_right2": {
					"rotation": {
						"0.0": [0, 0, 0],
						"0.1667": [-10, 0, 0],
						"0.5417": [11.69625, 0, 0],
						"1.4167": [-61.07758, 13.53932, -14.86038],
						"1.5": [-58.92192, 24.37724, -8.26131],
						"1.625": [-58.92192, 24.37724, -8.26131],
						"1.9167": [54.75, 0, 0],
						"2.0417": [54.75, 0, 0],
						"2.1667": [54.75, 0, 0],
						"2.625": [59.1235, 22.42995, 79.65152]
					},
					"position": {
						"0.0": [0, 0, 0],
						"0.1667": [0, -0.18, 0.48],
						"0.5417": [0, 0.11, -0.15],
						"1.4167": [0, 0.21, -1.15],
						"1.5": [0, 0.44, -1.23],
						"1.625": [0, 0.78125, -1.59375],
						"1.75": [-0.125, 0.6275, -2.3],
						"1.7917": [-0.625, 0.0275, -2.2],
						"1.875": [-1.375, -0.755, -2.7925],
						"1.9167": [-1.49375, -1.59625, -3.175],
						"2.0417": [-1.59375, -1.59625, -3.575],
						"2.0833": [-1.69375, -1.59625, -3.675],
						"2.25": [-1.69375, -1.49625, -3.875],
						"2.3333": [-1.69375, -1.59625, -3.975],
						"2.4583": [-1.69375, -1.59625, -4.075],
						"2.5": [-1.69375, -1.59625, -4.075]
					}
				},
				"leg_front_left2": {
					"rotation": {
						"0.0": [0, 0, 0],
						"0.1667": [1.8775, -2.31, 0],
						"0.2917": [6.39125, -2.78, 0],
						"0.375": [8.335, -3.24, 0],
						"0.5": [9.53875, -11.36, 0],
						"0.5833": [5.66625, -14.79, 0],
						"0.6667": [-2.93, -18.06375, 0],
						"0.75": [-19.62875, -20.40625, 0],
						"0.9167": [-49.1625, -22.59625, 0],
						"1.0417": [-64.69, -23.84375, 0],
						"1.25": [-84.25, -24.965, 0],
						"1.4167": [-88.5875, -25.4375, 0],
						"1.7083": [-93.8125, -26, 0],
						"1.7917": [-99.85875, -26.22875, 0],
						"1.9167": [-90, -26.3125, 0],
						"1.9583": [-90, -26.25, 0],
						"2.1667": [-113.05412, -8.01054, 70.63862],
						"2.5833": [-90, -26.25, 0]
					},
					"position": {
						"0.0": [0, 0, 0],
						"0.1667": [0, 0.02875, -0.15],
						"0.2917": [0, 0.0975, -0.29125],
						"0.375": [0.07, 0.41, -0.41],
						"0.5": [0.28, 0.58375, -0.78],
						"0.75": [0.6875, 0.635, -1.52125],
						"1.2083": [1, 1.095, -1.84],
						"1.5417": [1.1875, 1.75375, -2.18],
						"1.625": [1.21875, 1.875, -2.25],
						"1.75": [1.28125, 1.68375, -2.86],
						"1.7917": [1.28625, 1.14375, -3.16],
						"1.8333": [1.28875, 0.50375, -3.62],
						"1.9167": [1.3125, -1.49625, -4.53125],
						"2.0417": [1.315, -1.5, -4.53],
						"2.2917": [1.315, -1.375, -4.655],
						"2.4583": [1.315, -1.46375, -4.775]
					}
				},
				"leg_back_right2": {
					"rotation": {
						"0.0": [0, 0, 0],
						"0.1667": [-10, 0, 0],
						"0.5417": [11.69625, 0, 0],
						"1.4167": [17.69625, 0, 0],
						"1.5": [37.85, 0, 0],
						"1.7917": [66.82, -3.73, 0],
						"1.9583": [72.5, -6.71875, 0],
						"2.25": [60, -6.71875, 0],
						"2.5": {
							"pre": [70, -26.71875, 0],
							"post": [70, -26.71875, 0],
							"lerp_mode": "catmullrom"
						},
						"2.7917": {
							"post": [52.5, -26.71875, 0],
							"lerp_mode": "catmullrom"
						}
					},
					"position": {
						"0.0": [0, 0, 0],
						"0.1667": [0, -0.18, 0.48],
						"0.5417": [0, 0.11, -0.45],
						"1.4167": [0, 0.21, -0.65],
						"1.5": [0, 0.01, -0.92],
						"1.7917": [-0.2, 0.30125, -1.1825],
						"1.9583": [-0.81, -1.56, -2.06625],
						"2.2083": [-0.81, -1.2475, -2.14625],
						"2.4583": [-0.81, -1.56, -2.2225],
						"2.5": [-0.81, -1.4975, -2.22]
					}
				},
				"leg_back_left2": {
					"rotation": {
						"0.0": [0, 0, 0],
						"0.1667": [-10, 0, 0],
						"0.5417": [11.69625, 0, 0],
						"1.4167": [17.69625, 0, 0],
						"1.5": [37.85, 0, 0],
						"1.7917": [66.82, 3.73, 0],
						"1.9583": [95, 6.71875, 0],
						"2.0": [63.92816, 6.71875, 0],
						"2.25": [52.5, 6.71875, 0],
						"2.5": [69.01994, 18.43402, -4.47537],
						"2.625": [70, 6.71875, 0]
					},
					"position": {
						"0.0": [0, 0, 0],
						"0.1667": [0, -0.18, 0.48],
						"0.5417": [0, 0.11, -0.45],
						"1.4167": [0, 0.21, -0.65],
						"1.5": [0, 0.01, -0.92],
						"1.7917": [0.2, 0.30125, -1.1825],
						"1.9583": [0.81, -1.56, -2.06625],
						"2.2083": [0.81, -1.2475, -2.14625],
						"2.4583": [0.81, -1.56, -2.2225],
						"2.5": [0.81, -1.4975, -2.22]
					}
				},
				"body2": {
					"rotation": {
						"0.0": {
							"post": [32.5, "0+math.mod(q.anim_time*1, 1)*360", 0],
							"lerp_mode": "catmullrom"
						},
						"1.0": [7.5, "math.mod(q.anim_time*1, 1)*360", 0],
						"1.8333": [7.5, "72+math.mod(q.anim_time*1, 1)*360", 0],
						"2.0417": {
							"pre": [31.05714, "2.2656+math.mod(q.anim_time*1, 1)*360", 64.97909],
							"post": [31.05714, "2.2656+math.mod(q.anim_time*1, 1)*360", 64.97909],
							"lerp_mode": "catmullrom"
						},
						"2.2083": {
							"post": [137.5, -77.5, 87.5],
							"lerp_mode": "catmullrom"
						},
						"2.375": {
							"post": [303.18576, -71.55978, -89.27108],
							"lerp_mode": "catmullrom"
						},
						"2.5": [301.21613, -34.08036, -86.93012],
						"2.75": [301.01262, 5.91273, -86.14426],
						"3.0": [301.17397, 30.90835, -85.64549]
					},
					"position": {
						"0.0": [-7, 3, -20],
						"1.0": [-7, 4, -20],
						"1.8333": [-7, 3, -20],
						"2.0417": {
							"pre": [-7, 3, -35],
							"post": [-7, 3, -35],
							"lerp_mode": "catmullrom"
						},
						"2.2083": {
							"post": [-12, -18, -43],
							"lerp_mode": "catmullrom"
						},
						"2.375": {
							"post": [-12, -31, -45],
							"lerp_mode": "catmullrom"
						},
						"2.5": [-12.36, -31.28, -50.46],
						"2.75": [-12, -32, -53],
						"3.0": [-12, -33, -55]
					}
				},
				"disc": {
					"rotation": {
						"0.0": [0, "0+math.mod(q.anim_time*1, 1)*360", 0],
						"0.5": [15, "0+math.mod(q.anim_time*1, 1)*360", 0],
						"1.0": [-0.40896, "-3.4459+math.mod(q.anim_time*1, 1)*360", -1.13993],
						"1.5": [15, "0+math.mod(q.anim_time*1, 1)*360", 0],
						"2.0": [0, "0+math.mod(q.anim_time*1, 1)*360", 0],
						"2.5": [15, "0+math.mod(q.anim_time*1, 1)*360", 0],
						"3.0": [0, "0+math.mod(q.anim_time*1, 1)*360", 0]
					}
				}
			}
		},
		"animation.torterra_dawnian.hold_item": {
			"animation_length": 6.05,
			"bones": {
				"jaw": {
					"rotation": [10, 0, 0]
				}
			}
		}
	}
}