{
    "neoforge:conditions": [
        {
            "type": "neoforge:mod_loaded",
            "modid": "malum"
        }
    ],
    "type": "apotheosis:mob_effect",
    "definition": {
        "affix_type": "basic_effect",
        "exclusive_set": [],
        "weights": {
            "quality": 0.1,
            "weight": 25
        }
    },
    "mob_effect": "apothic_attributes:sundering",
    "stack_on_reapply": true,
    "stacking_limit": 3,
    "target": "attack_target",
    "types": [
        "apothic_compats:scythe"
    ],
    "values": {
        "apotheosis:rare": {
            "duration": {
                "min": 25.00,
                "max": 45.00,
                "step": 5.00
            },
            "amplifier": 0.0,
            "cooldown": 60
        },
        "apotheosis:epic": {
            "duration": {
                "min": 25.00,
                "max": 50.00,
                "step": 5.00
            },
            "amplifier": {
                "min": 0.000,
                "max": 0.250,
                "step": 0.03125
            },
            "cooldown": 60
        },
        "apotheosis:mythic": {
            "duration": {
                "min": 50.00,
                "max": 100.00,
                "step": 5.00
            },
            "amplifier": {
                "min": 0.000,
                "max": 0.250,
                "step": 0.0625
            },
            "cooldown": 60
        }
    }
}