{
    "neoforge:conditions": [
        {
            "type": "neoforge:mod_loaded",
            "modid": "malum"
        },
        {
            "type": "neoforge:mod_loaded",
            "modid": "ancientreforging"
        }
    ],
    "type": "apotheosis:attribute",
    "attribute": "apothic_attributes:life_steal",
    "categories": [
        "apothic_compats:staff"
    ],
    "definition": {
        "affix_type": "stat",
        "exclusive_set": [
            "apotheosis:staff/melee/attribute/berserking"
        ],
        "weights": {
            "quality": 0.1,
            "weight": 25
        }
    },
    "operation": "add_value",
    "values": {
        "ancientreforging:ancient": {
            "min": 0.125,
            "max": 0.2
        }
    }
}