{
    "type": "apotheosis:enlightened",
    "definition": {
        "affix_type": "ability",
        "exclusive_set": [],
        "weights": {
            "quality": 0.1,
            "weight": 25
        }
    },
    "values": {
        "apotheosis:rare": {
            "min": 48.0,
            "max": 32.0,
            "step": -4.0
        },
        "apotheosis:epic": {
            "min": 40.0,
            "max": 20.0,
            "step": -4.0
        },
        "apotheosis:mythic": {
            "min": 20.0,
            "max": 1.1,
            "step": -4.0
        }
    }
}