{
  "neoforge:conditions": [
    {
      "type": "neoforge:mod_loaded",
      "modid": "create"
    }
  ],
  "type": "create:mixing",
  "ingredients": [
    {
      "item": "create:wheat_flour"
    },
    {
      "item": "create:wheat_flour"
    },
    {
      "item": "create:wheat_flour"
    },
    {
      "type": "fluid_tag",
      "amount": 250,
      "fluid_tag": "c:milk"
    }
  ],
  "results": [
    {
      "id": "farmersdelight:pie_crust",
      "count": 1
    }
  ]
}