{
    "neoforge:conditions": [
        {
            "type": "neoforge:mod_loaded",
            "modid": "ars_nouveau"
        }
    ],
    "type": "apotheosis:gem",
    "constraints": {
        "dimensions": [
            "minecraft:overworld"
        ]
    },
    "unique": true,
    "weights": {
        "frontier": {
            "quality": 0.1,
            "weight": 100
        },
        "ascent": {
            "quality": 0.1,
            "weight": 100
        },
        "summit": {
            "quality": 0.1,
            "weight": 100
        },
        "pinnacle": {
            "quality": 0.1,
            "weight": 100
        }
    },
    "bonuses": [
        {
            "type": "apotheosis:attribute",
            "attribute": "ars_nouveau:ars_nouveau.perk.max_mana",
            "gem_class": "apotheosis:helmet",
            "operation": "add_value",
            "values": {
                "cracked": 10.0,
                "chipped": 25.0,
                "flawed": 50.0,
                "normal": 75.0,
                "flawless": 100.0,
                "perfect": 200.0
            }
        },
        {
            "type": "apotheosis:attribute",
            "attribute": "ars_nouveau:ars_nouveau.perk.mana_regen",
            "gem_class": "apotheosis:chestplate",
            "operation": "add_multiplied_total",
            "values": {
                "cracked": 0.15,
                "chipped": 0.25,
                "flawed": 0.3,
                "normal": 0.45,
                "flawless": 0.75,
                "perfect": 1.25
            }
        },
        {
            "type": "apotheosis:attribute",
            "attribute": "ars_nouveau:ars_nouveau.perk.spell_damage",
            "gem_class": {
                "key": "lower_armor",
                "types": [
                    "apotheosis:leggings",
                    "apotheosis:boots"
                ]
            },
            "operation": "add_multiplied_total",
            "values": {
                "cracked": 0.15,
                "chipped": 0.25,
                "flawed": 0.3,
                "normal": 0.45,
                "flawless": 0.75,
                "perfect": 1.25
            }
        },
        {
            "type": "apotheosis:attribute",
            "attribute": "ars_nouveau:ars_nouveau.perk.warding",
            "gem_class": "apotheosis:shield",
            "operation": "add_multiplied_total",
            "values": {
                "flawed": 0.05,
                "normal": 0.1,
                "flawless": 0.15,
                "perfect": 0.2
            }
        },
        {
            "type": "apotheosis:mob_effect",
            "gem_class": {
                "key": "light_weapon",
                "types": [
                    "apotheosis:melee_weapon",
                    "apotheosis:trident"
                ]
            },
            "mob_effect": "ars_nouveau:freezing",
            "target": "attack_target",
            "values": {
                "flawless": {
                    "duration": 60.0,
                    "amplifier": 0,
                    "cooldown": 600
                },
                "perfect": {
                    "duration": 100.0,
                    "amplifier": 1,
                    "cooldown": 300
                }
            }
        }
    ]
}