{
    "target": "cobblemon:torterra",
    "forms": [
        {
            "name": "Dawnian",
            "primaryType": "electric",
            "secondaryType": "steel",
            "abilities": [
                "lightningrod",
                "h:bassboosted"
            ],
            "baseStats": {
                "hp": 80,
                "attack": 40,
                "defence": 100,
                "special_attack": 105,
                "special_defence": 85,
                "speed": 70
            },
            "behaviour": {
                "resting": {
                    "canSleep": true,
                    "light": "0-4"
                },
                "moving": {
                    "walk": {
                        "walkSpeed": 0.15
                    }
                }
            },
            "catchRate": 45,
            "maleRatio": 0.875,
            "shoulderMountable": false,
            "baseExperienceYield": 236,
            "experienceGroup": "medium_slow",
            "eggCycles": 20,
            "eggGroups": [
                "grass",
                "monster"
            ],
            "moves": [
                "1:tackle",
                "5:withdraw",
                "9:thundershock",
                "13:spark",
                "17:workup",
                "22:confusion",
                "27:mirrorshot",
                "32:metalsound",
                "37:recover",
                "42:extrasensory",
                "50:flashcannon",
                "52:supercellslam",
                "63:steelbeam",
                "tm:roar",
                "tm:hypervoice",
                "tm:boomburst",
                "tm:gyroball",
                "tm:metalburst",
                "tm:irondefense",
                "tm:thunderfang",
                "tm:chargebeam",
                "tm:discharge",
                "tm:paraboliccharge",
                "tm:shockwave",
                "tm:zapcannon",
                "tm:electricterrain",
                "tm:magnetrise",
                "tm:thunderwave",
                "tm:chillingwater",
                "tm:raindance",
                "tm:screech",
                "tm:protect",
                "tm:confuseray",
                "tm:swift",
                "tm:endure",
                "tm:sandstorm",
                "tm:rest",
                "tm:sleeptalk",
                "tm:snore",
                "tm:eerieimpulse",
                "tm:helpinghand",
                "tm:hyperbeam",
                "tm:terablast",
                "tm:charge",
                "tm:electroweb",
                "tm:thunderbolt",
                "tm:psychicnoise",
                "tm:voltswitch",
                "tm:snarl"
            ],
            "aspects": [
                "dawnian"
            ],
            "labels": [
                "custom",
                "dawnian"
            ],
            "pokedex": [
                "cobblemon.species.torterra_dawnian.desc"
            ],
            "baseScale": 1,
            "hitbox": {
                "width": 2.25,
                "height": 2.4,
                "fixed": false
            },
            "baseFriendship": 50,
            "evYield": {
                "hp": 0,
                "attack": 0,
                "defence": 1,
                "special_attack": 2,
                "special_defence": 0,
                "speed": 0
            },
            "height": 22,
            "weight": 3202,
            "evolutions": []
        }
    ]
}