{
    "target": "cobblemon:turtwig",
    "forms": [
        {
            "name": "Dawnian",
            "primaryType": "electric",
            "secondaryType": "steel",
            "abilities": [
                "lightningrod",
                "h:bassboosted"
            ],
            "baseStats": {
                "hp": 60,
                "attack": 20,
                "defence": 65,
                "special_attack": 70,
                "special_defence": 40,
                "speed": 63
            },
            "behaviour": {
                "resting": {
                    "canSleep": true,
                    "willSleepOnBed": true,
                    "light": "0-4"
                },
                "moving": {
                    "walk": {
                        "walkSpeed": 0.35
                    }
                }
            },
            "catchRate": 45,
            "maleRatio": 0.875,
            "shoulderMountable": true,
            "baseExperienceYield": 64,
            "experienceGroup": "medium_slow",
            "eggCycles": 20,
            "eggGroups": [
                "grass",
                "monster"
            ],
            "moves": [
                "1:tackle",
                "5:withdraw",
                "9:thundershock",
                "13:spark",
                "17:workup",
                "21:confusion",
                "25:mirrorshot",
                "29:metalsound",
                "33:recover",
                "37:extrasensory",
                "41:flashcannon",
                "45:supercellslam",
                "53:steelbeam",
                "tm:roar",
                "tm:hypervoice",
                "tm:boomburst",
                "tm:gyroball",
                "tm:metalburst",
                "tm:irondefense",
                "tm:thunderfang",
                "tm:chargebeam",
                "tm:discharge",
                "tm:paraboliccharge",
                "tm:shockwave",
                "tm:zapcannon",
                "tm:electricterrain",
                "tm:magnetrise",
                "tm:thunderwave",
                "tm:chillingwater",
                "tm:raindance",
                "tm:screech",
                "tm:protect",
                "tm:confuseray",
                "tm:swift",
                "tm:endure",
                "tm:sandstorm",
                "tm:rest",
                "tm:sleeptalk",
                "tm:snore",
                "tm:eerieimpulse",
                "tm:helpinghand",
                "tm:hyperbeam",
                "tm:terablast",
                "tm:charge",
                "tm:electroweb",
                "tm:thunderbolt",
                "tm:psychicnoise",
                "tm:voltswitch",
                "tm:snarl"
            ],
            "aspects": [
                "dawnian"
            ],
            "labels": [
                "custom",
                "dawnian"
            ],
            "pokedex": [
                "cobblemon.species.turtwig_dawnian.desc"
            ],
            "baseScale": 0.7,
            "hitbox": {
                "width": 0.75,
                "height": 1,
                "fixed": false
            },
            "baseFriendship": 50,
            "evYield": {
                "hp": 0,
                "attack": 0,
                "defence": 0,
                "special_attack": 1,
                "special_defence": 0,
                "speed": 0
            },
            "height": 4,
            "weight": 102,
            "evolutions": [
                {
                    "id": "torterradawnian_grotledawnian",
                    "variant": "level_up",
                    "result": "grotle dawnian",
                    "consumeHeldItem": false,
                    "requirements": [
                        {
                            "variant": "level",
                            "minLevel": 16
                        }
                    ]
                }
            ]
        }
    ]
}