{
    "type": "apotheosis:mob_effect",
    "definition": {
        "affix_type": "basic_effect",
        "exclusive_set": [],
        "weights": {
            "quality": 0.1,
            "weight": 25
        }
    },
    "mob_effect": "minecraft:speed",
    "target": "hurt_self",
    "types": [
        "apotheosis:leggings",
        "apotheosis:boots"
    ],
    "values": {
        "apotheosis:uncommon": {
            "duration": {
                "min": 25.00,
                "max": 75.00,
                "step": 5.00
            },
            "amplifier": 0.0,
            "cooldown": 800
        },
        "apotheosis:rare": {
            "duration": {
                "min": 50.00,
                "max": 100.00,
                "step": 5.00
            },
            "amplifier": 0.0,
            "cooldown": 800
        },
        "apotheosis:epic": {
            "duration": {
                "min": 50.00,
                "max": 100.00,
                "step": 5.00
            },
            "amplifier": {
                "min": 0.000,
                "max": 0.50,
                "step": 0.0625
            },
            "cooldown": 700
        },
        "apotheosis:mythic": {
            "duration": {
                "min": 50.00,
                "max": 100.00,
                "step": 5.00
            },
            "amplifier": {
                "min": 0.000,
                "max": 0.50,
                "step": 0.125
            },
            "cooldown": 600
        }
    }
}