{
    "type": "apotheosis:attribute",
    "attribute": "minecraft:generic.luck",
    "categories": [
        "apotheosis:bow",
        "apotheosis:breaker",
        "apotheosis:helmet",
        "apotheosis:chestplate",
        "apotheosis:leggings",
        "apotheosis:boots",
        "apotheosis:shield",
        "apotheosis:trident",
        "apotheosis:melee_weapon",
        "apotheosis:shears"
    ],
    "definition": {
        "affix_type": "stat",
        "exclusive_set": [],
        "weights": {
            "quality": 0.1,
            "weight": 25
        }
    },
    "operation": "add_value",
    "values": {
        "apotheosis:uncommon": {
            "min": 0.250,
            "max": 0.375,
            "step": 0.0625
        },
        "apotheosis:rare": {
            "min": 0.50,
            "max": 0.750,
            "step": 0.0625
        },
        "apotheosis:epic": {
            "min": 0.625,
            "max": 1.00,
            "step": 0.0625
        },
        "apotheosis:mythic": {
            "min": 0.750,
            "max": 1.50,
            "step": 0.0625
        }
    }
}