{
    "type": "apotheosis:mob_effect",
    "definition": {
        "affix_type": "basic_effect",
        "exclusive_set": [],
        "weights": {
            "quality": 0.1,
            "weight": 25
        }
    },
    "mob_effect": "minecraft:poison",
    "stack_on_reapply": true,
    "stacking_limit": 4,
    "target": "block_attacker",
    "types": [
        "apotheosis:shield"
    ],
    "values": {
        "apotheosis:uncommon": {
            "duration": 30.00,
            "amplifier": 0.0,
            "cooldown": 200
        },
        "apotheosis:rare": {
            "duration": {
                "min": 30.00,
                "max": 45.00,
                "step": 5.00
            },
            "amplifier": 0.0,
            "cooldown": 200
        },
        "apotheosis:epic": {
            "duration": {
                "min": 30.00,
                "max": 50.00,
                "step": 5.00
            },
            "amplifier": {
                "min": 0.000,
                "max": 0.250,
                "step": 0.0625
            },
            "cooldown": 120
        },
        "apotheosis:mythic": {
            "duration": {
                "min": 40.00,
                "max": 60.00,
                "step": 5.00
            },
            "amplifier": {
                "min": 0.000,
                "max": 0.250,
                "step": 0.125
            },
            "cooldown": 120
        }
    }
}