{
    "neoforge:conditions": [
        {
            "type": "neoforge:mod_loaded",
            "modid": "malum"
        }
    ],
    "type": "apotheosis:attribute",
    "attribute": "apothic_attributes:current_hp_damage",
    "categories": [
        "apothic_compats:scythe"
    ],
    "definition": {
        "affix_type": "stat",
        "exclusive_set": [],
        "weights": {
            "pinnacle": {
                "quality": 2.5,
                "weight": 15
            }
        }
    },
    "operation": "add_value",
    "values": {
        "apotheosis:epic": {
            "min": 0.025,
            "max": 0.05
        },
        "apotheosis:mythic": {
            "min": 0.025,
            "max": 0.0625
        }
    }
}