{
    "type": "apotheosis:omnetic",
    "definition": {
        "affix_type": "basic_effect",
        "exclusive_set": [],
        "weights": {
            "quality": 5.0,
            "weight": 25
        }
    },
    "values": {
        "apotheosis:rare": {
            "items": [
                {
                    "count": 1,
                    "id": "minecraft:iron_axe"
                },
                {
                    "count": 1,
                    "id": "minecraft:iron_shovel"
                },
                {
                    "count": 1,
                    "id": "minecraft:iron_pickaxe"
                },
                {
                    "count": 1,
                    "id": "minecraft:iron_sword"
                },
                {
                    "count": 1,
                    "id": "minecraft:iron_hoe"
                }
            ],
            "name": "iron"
        },
        "apotheosis:epic": {
            "items": [
                {
                    "count": 1,
                    "id": "minecraft:diamond_axe"
                },
                {
                    "count": 1,
                    "id": "minecraft:diamond_shovel"
                },
                {
                    "count": 1,
                    "id": "minecraft:diamond_pickaxe"
                },
                {
                    "count": 1,
                    "id": "minecraft:diamond_sword"
                },
                {
                    "count": 1,
                    "id": "minecraft:diamond_hoe"
                }
            ],
            "name": "diamond"
        },
        "apotheosis:mythic": {
            "items": [
                {
                    "count": 1,
                    "id": "minecraft:netherite_axe"
                },
                {
                    "count": 1,
                    "id": "minecraft:netherite_shovel"
                },
                {
                    "count": 1,
                    "id": "minecraft:netherite_pickaxe"
                },
                {
                    "count": 1,
                    "id": "minecraft:netherite_sword"
                },
                {
                    "count": 1,
                    "id": "minecraft:netherite_hoe"
                }
            ],
            "name": "netherite"
        }
    }
}