{
  "type": "minecraft:smithing_transform",
  "template": {
    "item": "minecraft:netherite_upgrade_smithing_template"
  },
  "base": {
    "item": "mega_showdown:deoxys_meteorite"
  },
  "addition": {
    "item": "minecraft:wither_rose"
  },
  "result": {
    "id": "minecraft:red_dye",
    "components": {
      "minecraft:custom_model_data": 260612,
      "minecraft:item_name": "{\"extra\":[{\"color\":\"light_purple\",\"italic\":false,\"text\": \"Meteorite\"}],\"italic\":false,\"text\":\"\"}",
      "minecraft:lore": [
        "{\"text\":\"Form Changes\", \"color\":\"blue\", \"italic\":false}",
        "{\"color\":\"gray\",\"text\":\"An improved version of the normal meteorite,\"}",
        "{\"color\":\"gray\",\"text\":\"which does not get consumed when used.\"}"
      ]
    }
  }
}