{
  "type": "minecraft:smithing_transform",
  "template": {
    "item": "minecraft:amethyst_shard"
  },
  "base": {
    "item": "mega_showdown:adamant_orb"
  },
  "addition": {
    "item": "minecraft:amethyst_shard"
  },
  "result": {
    "id": "minecraft:red_dye",
    "components": {
      "minecraft:custom_model_data": 260618,
      "minecraft:item_name": "{\"extra\":[{\"color\":\"light_purple\",\"italic\":false,\"text\": \"Time Gear\"}],\"italic\":false,\"text\":\"\"}",
      "minecraft:lore": [
        "{\"text\":\"Form Changes\", \"color\":\"blue\", \"italic\":false}",
        "{\"color\":\"gray\",\"text\":\"When resonating with Dialga,\"}",
        "{\"color\":\"gray\",\"text\":\"it unshackles its primal instincts\"}"
      ]
    }
  }
}