{
  "id": "cobblemon:golett-copper",
  "speciesId": "cobblemon:golett",
  "displayAspects": [],
  "conditionAspects": [],
  "forms": [
    {
      "displayForm": "Copper",
      "unlockForms": [
        "Copper"
      ]
    },
    {
      "displayForm": "Exposed-Copper",
      "unlockForms": [
        "Exposed-Copper"
      ]
    },
    {
      "displayForm": "Weathered-Copper",
      "unlockForms": [
        "Weathered-Copper"
      ]
    },
    {
      "displayForm": "Oxidized-Copper",
      "unlockForms": [
        "Oxidized-Copper"
      ]
    }
  ],
  "variations": []
}