{
  "id": "cobblemon:typecast",
  "speciesId": "cobblemon:typecast",
  "displayAspects": [],
  "conditionAspects": [],
  "forms": [
    {
      "displayForm": "Normal",
      "unlockForms": [
        "Normal"
      ]
    },
    {
      "displayForm": "Fire",
      "unlockForms": [
        "Fire"
      ]
    },
    {
      "displayForm": "Water",
      "unlockForms": [
        "Water"
      ]
    },
    {
      "displayForm": "Grass",
      "unlockForms": [
        "Grass"
      ]
    },
    {
      "displayForm": "Ice",
      "unlockForms": [
        "Ice"
      ]
    },
    {
      "displayForm": "Electric",
      "unlockForms": [
        "Electric"
      ]
    },
    {
      "displayForm": "Psychic",
      "unlockForms": [
        "Psychic"
      ]
    },
    {
      "displayForm": "Dark",
      "unlockForms": [
        "Dark"
      ]
    },
    {
      "displayForm": "Dragon",
      "unlockForms": [
        "Dragon"
      ]
    },
    {
      "displayForm": "Fairy",
      "unlockForms": [
        "Fairy"
      ]
    },
    {
      "displayForm": "Fighting",
      "unlockForms": [
        "Fighting"
      ]
    },
    {
      "displayForm": "Flying",
      "unlockForms": [
        "Flying"
      ]
    },
    {
      "displayForm": "Poison",
      "unlockForms": [
        "Poison"
      ]
    },
    {
      "displayForm": "Ground",
      "unlockForms": [
        "Ground"
      ]
    },
    {
      "displayForm": "Rock",
      "unlockForms": [
        "Rock"
      ]
    },
    {
      "displayForm": "Bug",
      "unlockForms": [
        "Bug"
      ]
    },
    {
      "displayForm": "Ghost",
      "unlockForms": [
        "Ghost"
      ]
    },
    {
      "displayForm": "Steel",
      "unlockForms": [
        "Steel"
      ]
    }
  ],
  "variations": []
}