{
	"format_version": "1.12.0",
	"minecraft:geometry": [
		{
			"description": {
				"identifier": "geometry.torterra",
				"texture_width": 512,
				"texture_height": 256,
				"visible_bounds_width": 7,
				"visible_bounds_height": 5.5,
				"visible_bounds_offset": [0, 2.25, 0]
			},
			"bones": [
				{
					"name": "torterra",
					"pivot": [0, 0, 0]
				},
				{
					"name": "body",
					"parent": "torterra",
					"pivot": [0, 14, 0]
				},
				{
					"name": "torso",
					"parent": "body",
					"pivot": [0, 13, 0],
					"cubes": [
						{"origin": [9.5, 22.2481, 3.54358], "size": [3, 7, 5], "inflate": -0.01, "pivot": [9, 24.2481, 5.54358], "rotation": [-10, 0, 0], "uv": [245, 49]},
						{"origin": [-12, 6.5, -16], "size": [24, 12, 31], "uv": [0, 80]},
						{"origin": [-14, 15, -15], "size": [28, 4, 33], "uv": [0, 43]},
						{"origin": [-14, 15, -23], "size": [28, 4, 8], "inflate": 0.001, "pivot": [0, 15, -15], "rotation": [-20, 0, 0], "uv": [88, 0]},
						{"origin": [-13, 17, -19.5], "size": [26, 12, 20], "inflate": 0.001, "pivot": [0, 23, -10], "rotation": [-7.5, 0, 0], "uv": [24, 203]},
						{"origin": [-12, 17, -1.5], "size": [24, 8, 8], "inflate": 0.001, "pivot": [0, 23, 8], "rotation": [-7.5, 0, 0], "uv": [112, 231]},
						{"origin": [5, 17, 5.5], "size": [6, 7, 8], "inflate": 0.001, "uv": [131, 212]},
						{"origin": [-11, 17, 5.5], "size": [6, 7, 8], "inflate": 0.001, "uv": [131, 212], "mirror": true}
					]
				},
				{
					"name": "speaker1",
					"parent": "torso",
					"pivot": [12.9, 22.85, -5.1],
					"cubes": [
						{"origin": [12.9, 21.25, -7], "size": [1, 5, 5], "inflate": 0.001, "pivot": [0.9, 27.25, -12.5], "rotation": [-7.5, 0, 0], "uv": [30, 237]}
					]
				},
				{
					"name": "speaker2",
					"parent": "torso",
					"pivot": [12.9, 23.8, -13.05],
					"cubes": [
						{"origin": [12.9, 22.25, -15], "size": [1, 5, 5], "inflate": 0.001, "pivot": [0.9, 28.25, -20.5], "rotation": [-7.5, 0, 0], "uv": [30, 237]}
					]
				},
				{
					"name": "speaker3",
					"parent": "torso",
					"pivot": [3.9, 24.48573, -19.77528],
					"cubes": [
						{"origin": [3.4, 21.98573, -22.27528], "size": [1, 5, 5], "inflate": 0.001, "pivot": [3.9, 24.48573, -19.77528], "rotation": [-90, 82.5, -90], "uv": [30, 237]}
					]
				},
				{
					"name": "disc2",
					"parent": "torso",
					"pivot": [7, 29.75, -12.5],
					"cubes": [
						{"origin": [3, 29.25, -17.5], "size": [8, 1, 8], "inflate": 0.001, "pivot": [7, 24.25, -14], "rotation": [-7.5, 0, 0], "uv": [54, 239]}
					]
				},
				{
					"name": "locator_seat_3",
					"parent": "torso",
					"pivot": [0, 26, 13],
					"locators": {
						"seat_3": [0, 26, 13]
					}
				},
				{
					"name": "locator_seat_2",
					"parent": "torso",
					"pivot": [0, 26, 0],
					"locators": {
						"seat_2": [0, 26, 0]
					}
				},
				{
					"name": "locator_seat_1",
					"parent": "torso",
					"pivot": [0, 26, -13],
					"locators": {
						"seat_1": [0, 26, -13]
					}
				},
				{
					"name": "spike3",
					"parent": "torso",
					"pivot": [-6.5, 26.5, -10],
					"rotation": [0, 0, -27.5]
				},
				{
					"name": "spike2",
					"parent": "torso",
					"pivot": [-6.5, 26.5, -1],
					"rotation": [0, 0, -22.5]
				},
				{
					"name": "spike",
					"parent": "torso",
					"pivot": [-6.5, 26.5, 8],
					"rotation": [0, 0, -27.5]
				},
				{
					"name": "head",
					"parent": "torso",
					"pivot": [0, 12.5, -16],
					"cubes": [
						{"origin": [-4.5, 8, -22.5], "size": [9, 3, 7], "inflate": 0.001, "uv": [0, 24]},
						{"origin": [-5.5, 7, -21.5], "size": [11, 2, 3], "inflate": 0.001, "uv": [220, 65]},
						{"origin": [4.5, 10, -27.5], "size": [0, 1, 5], "uv": [0, 11]},
						{"origin": [-4.5, 10, -27.5], "size": [0, 1, 5], "uv": [0, 12]},
						{"origin": [-4.5, 10, -27.5], "size": [9, 1, 0], "uv": [0, 15]},
						{"origin": [-2.5, 9.5, -30.5], "size": [5, 6, 3], "uv": [79, 80]},
						{"origin": [5.8, 14.6, -30.5], "size": [0, 5, 9], "inflate": 0.001, "pivot": [5.8, 17.6, -26.5], "rotation": [20, 45, 0], "uv": [227, 68]},
						{"origin": [-4.5, 11, -27.5], "size": [9, 6, 12], "inflate": 0.001, "uv": [178, 0]},
						{"origin": [4.5, 9, -21.75], "size": [4, 4, 5], "uv": [48, 158]},
						{"origin": [8.5, 10, -20.75], "size": [4, 2, 4], "uv": [92, 152]},
						{"origin": [-16.5, 11, -19.75], "size": [4, 0, 3], "uv": [15, 15]},
						{"origin": [-12.5, 10, -20.75], "size": [4, 2, 4], "uv": [0, 142]},
						{"origin": [12.5, 11, -19.75], "size": [4, 0, 3], "uv": [23, 15]},
						{"origin": [-8.5, 9, -21.75], "size": [4, 4, 5], "uv": [0, 158]},
						{"origin": [-5.8, 14.6, -30.5], "size": [0, 5, 9], "inflate": 0.001, "pivot": [-5.8, 17.6, -26.5], "rotation": [20, -45, 0], "uv": [227, 68], "mirror": true}
					]
				},
				{
					"name": "locator_item_face",
					"parent": "head",
					"pivot": [0, 13.5, -30.5],
					"locators": {
						"item_face": [0, 13.5, -30.5]
					}
				},
				{
					"name": "locator_face",
					"parent": "head",
					"pivot": [0, 13, -30.5],
					"locators": {
						"face": [0, 13, -30.5]
					}
				},
				{
					"name": "locator_item_hat",
					"parent": "head",
					"pivot": [0, 17, -23],
					"locators": {
						"item_hat": [0, 17, -23]
					}
				},
				{
					"name": "locator_head",
					"parent": "head",
					"pivot": [0, 17, -25],
					"locators": {
						"head": [0, 17, -25]
					}
				},
				{
					"name": "locator_mouth",
					"parent": "head",
					"pivot": [0, 10, -23],
					"locators": {
						"mouth": [0, 10, -23]
					}
				},
				{
					"name": "locator_jaw_upper",
					"parent": "head",
					"pivot": [0, 10, -25],
					"rotation": [-90, 0, 0],
					"locators": {
						"jaw1": [0, 10, -25]
					}
				},
				{
					"name": "eye_left",
					"parent": "head",
					"pivot": [4.01, 13, -24.5],
					"cubes": [
						{"origin": [3.51, 11, -27], "size": [1, 3, 5], "uv": [111, 12]}
					]
				},
				{
					"name": "locator_eye_left",
					"parent": "eye_left",
					"pivot": [4.5, 13, -25],
					"locators": {
						"eye2": [4.5, 13, -25]
					}
				},
				{
					"name": "eyelid_left",
					"parent": "eye_left",
					"pivot": [3.91, 13, -24.5],
					"cubes": [
						{"origin": [3.41, 11, -27], "size": [1, 3, 5], "inflate": 0.01, "uv": [98, 94]}
					]
				},
				{
					"name": "eye_right",
					"parent": "head",
					"pivot": [-4.01, 13, -24.5],
					"cubes": [
						{"origin": [-4.51, 11, -27], "size": [1, 3, 5], "uv": [88, 12]}
					]
				},
				{
					"name": "locator_eye_right",
					"parent": "eye_right",
					"pivot": [-4.5, 13, -25],
					"locators": {
						"eye1": [-4.5, 13, -25]
					}
				},
				{
					"name": "eyelid_right",
					"parent": "eye_right",
					"pivot": [-3.91, 13, -24.5],
					"cubes": [
						{"origin": [-4.41, 11, -27], "size": [1, 3, 5], "inflate": 0.01, "uv": [19, 43]}
					]
				},
				{
					"name": "jaw",
					"parent": "head",
					"pivot": [0, 11, -22],
					"rotation": [7.5, 0, 0],
					"cubes": [
						{"origin": [-4.5, 10, -27.5], "size": [0, 1, 5], "uv": [0, 29]},
						{"origin": [4.5, 10, -27.5], "size": [0, 1, 5], "uv": [25, 25]},
						{"origin": [-4.5, 8, -27.5], "size": [9, 2, 5], "uv": [89, 68]},
						{"origin": [2.5, 7, -28.5], "size": [3, 2, 3], "uv": [79, 191]},
						{"origin": [-5.5, 7, -28.5], "size": [3, 2, 3], "uv": [79, 191], "mirror": true}
					]
				},
				{
					"name": "tongue",
					"parent": "jaw",
					"pivot": [0, 10, -27],
					"rotation": [10, 0, 0],
					"cubes": [
						{"origin": [-1.5, 9.5, -30.5], "size": [3, 1, 5], "uv": [188, 210]}
					]
				},
				{
					"name": "tongue2",
					"parent": "tongue",
					"pivot": [0, 9.75, -30.5],
					"rotation": [37.5, 0, 0],
					"cubes": [
						{"origin": [-1.5, 9.25, -35], "size": [3, 1, 5], "uv": [191, 231]}
					]
				},
				{
					"name": "locator_item",
					"parent": "jaw",
					"pivot": [0, 10, -27.5],
					"locators": {
						"item": [0, 10, -27.5]
					}
				},
				{
					"name": "locator_jaw_lower",
					"parent": "jaw",
					"pivot": [0, 10, -25],
					"rotation": [90, 0, 0],
					"locators": {
						"jaw2": [0, 10, -25],
						"physical": [0, 10, -25],
						"special": [0, 10, -25]
					}
				},
				{
					"name": "tail",
					"parent": "torso",
					"pivot": [0, 12, 14],
					"cubes": [
						{"origin": [-4.5, 7.5, 14], "size": [9, 8, 8], "uv": [187, 186]}
					]
				},
				{
					"name": "tail2",
					"parent": "tail",
					"pivot": [0, 12, 21.5],
					"cubes": [
						{"origin": [-3.5, 8.5, 21], "size": [7, 6, 9], "uv": [0, 61]}
					]
				},
				{
					"name": "locator_tail",
					"parent": "tail2",
					"pivot": [0, 11.5, 25.5],
					"rotation": [0, 180, 0],
					"locators": {
						"tail": [0, 11.5, 25.5]
					}
				},
				{
					"name": "tail3",
					"parent": "tail2",
					"pivot": [0, 12, 29.5],
					"cubes": [
						{"origin": [-2.5, 9.5, 29], "size": [5, 4, 9], "uv": [79, 94]}
					]
				},
				{
					"name": "locator_tail_tip",
					"parent": "tail3",
					"pivot": [0, 11.5, 38],
					"rotation": [0, 180, 0],
					"locators": {
						"tail_tip": [0, 11.5, 38]
					}
				},
				{
					"name": "disc",
					"parent": "torso",
					"pivot": [-6.75, 30, -12.75],
					"cubes": [
						{"origin": [-11, 29.25, -17.5], "size": [8, 1, 8], "inflate": 0.001, "pivot": [-7, 24.25, -14], "rotation": [-7.5, 0, 0], "uv": [54, 239], "mirror": true}
					]
				},
				{
					"name": "speaker6",
					"parent": "torso",
					"pivot": [-12.9, 22.7, -5.15],
					"cubes": [
						{"origin": [-13.9, 21.25, -7], "size": [1, 5, 5], "inflate": 0.001, "pivot": [-0.9, 27.25, -12.5], "rotation": [-7.5, 0, 0], "uv": [30, 237], "mirror": true}
					]
				},
				{
					"name": "speaker4",
					"parent": "torso",
					"pivot": [-3.9, 24.48573, -19.77528],
					"cubes": [
						{"origin": [-4.4, 21.98573, -22.27528], "size": [1, 5, 5], "inflate": 0.001, "pivot": [-3.9, 24.48573, -19.77528], "rotation": [-90, -82.5, 90], "uv": [30, 237], "mirror": true}
					]
				},
				{
					"name": "speaker5",
					"parent": "torso",
					"pivot": [-12.9, 23.75, -13.25],
					"cubes": [
						{"origin": [-13.9, 22.25, -15], "size": [1, 5, 5], "inflate": 0.001, "pivot": [-0.9, 28.25, -20.5], "rotation": [-7.5, 0, 0], "uv": [30, 237], "mirror": true}
					]
				},
				{
					"name": "turtwig",
					"parent": "torso",
					"pivot": [0, 6, -11],
					"rotation": [-17.5, 0, 0]
				},
				{
					"name": "body2",
					"parent": "turtwig",
					"pivot": [0, 29, 0],
					"rotation": [-30, 0, 0]
				},
				{
					"name": "torso2",
					"parent": "body2",
					"pivot": [0, 30.33833, 0.82407],
					"cubes": [
						{"origin": [-4, 26.9981, -3.95642], "size": [8, 4, 9], "uv": [224, 14]},
						{"origin": [-4.5, 29.2481, -3.45642], "size": [9, 5, 9], "inflate": -0.01, "pivot": [0, 31.2481, 0.54358], "rotation": [-7.5, 0, 0], "uv": [224, 0]},
						{"origin": [1, 33.2481, -0.45642], "size": [3, 7, 5], "inflate": -0.01, "uv": [224, 48]},
						{"origin": [-4, 33.2481, -0.45642], "size": [3, 7, 5], "inflate": -0.01, "uv": [224, 48], "mirror": true}
					]
				},
				{
					"name": "tail4",
					"parent": "torso2",
					"pivot": [0, 28.2481, 4.79358],
					"cubes": [
						{"origin": [0, 27.4981, 4.54358], "size": [0, 3, 3], "uv": [242, 24]}
					]
				},
				{
					"name": "locator_tail2",
					"parent": "tail4",
					"pivot": [0, 28.5, 6],
					"rotation": [-5, 180, 0],
					"locators": {
						"tail": [0, 28.5, 6]
					}
				},
				{
					"name": "locator_tail_tip2",
					"parent": "tail4",
					"pivot": [0, 29.5, 7.5],
					"rotation": [-25, 180, 0],
					"locators": {
						"tail_tip": [0, 29.5, 7.5]
					}
				},
				{
					"name": "head2",
					"parent": "torso2",
					"pivot": [0, 32.25, -3.75],
					"rotation": [35, 0, 0],
					"cubes": [
						{"origin": [-3.5, 31.75, -11], "size": [7, 7, 8], "inflate": 0.01, "uv": [250, 19]},
						{"origin": [3.5, 30.75, -7], "size": [1, 4, 4], "inflate": 0.01, "uv": [260, 34]},
						{"origin": [-4.5, 30.75, -7], "size": [1, 4, 4], "inflate": 0.01, "uv": [260, 3]},
						{"origin": [-3.5, 29.75, -7.5], "size": [7, 2, 4], "inflate": 0.01, "uv": [224, 27]}
					]
				},
				{
					"name": "locator_mouth2",
					"parent": "head2",
					"pivot": [0, 31.75, -6.5],
					"locators": {
						"mouth": [0, 31.75, -6.5]
					}
				},
				{
					"name": "locator_jaw_upper2",
					"parent": "head2",
					"pivot": [0, 25, -2],
					"locators": {
						"jaw1": {
							"offset": [0, 31.75, -8.5],
							"rotation": [-90, 0, 0]
						}
					}
				},
				{
					"name": "locator_item_face2",
					"parent": "head2",
					"pivot": [0, 34.75, -11],
					"locators": {
						"item_face": [0, 34.75, -11]
					}
				},
				{
					"name": "locator_face2",
					"parent": "head2",
					"pivot": [0, 34.75, -11],
					"locators": {
						"face": [0, 34.75, -11]
					}
				},
				{
					"name": "locator_item_hat2",
					"parent": "head2",
					"pivot": [0, 38.75, -7],
					"locators": {
						"item_hat": [0, 38.75, -7]
					}
				},
				{
					"name": "locator_head2",
					"parent": "head2",
					"pivot": [0, 38.75, -9],
					"locators": {
						"head": [0, 38.75, -9]
					}
				},
				{
					"name": "twig",
					"parent": "head2",
					"pivot": [0, 38.5, -5],
					"cubes": [
						{"origin": [-0.5, 37.75, -5.5], "size": [1, 5, 1], "uv": [246, 30]}
					]
				},
				{
					"name": "leaf_left",
					"parent": "head2",
					"pivot": [0.5, 41.25, -5],
					"rotation": [0, 0, 17.5],
					"cubes": [
						{"origin": [-0.5, 41.25, -5], "size": [6, 4, 0], "uv": [264, 11]}
					]
				},
				{
					"name": "leaf_right",
					"parent": "head2",
					"pivot": [-0.5, 41.25, -5],
					"rotation": [0, 0, -17.5],
					"cubes": [
						{"origin": [-5.5, 41.25, -5], "size": [6, 4, 0], "uv": [224, 40]}
					]
				},
				{
					"name": "jaw2",
					"parent": "head2",
					"pivot": [0, 31.5, -7],
					"rotation": [25, 0, 0],
					"cubes": [
						{"origin": [-3, 29.75, -10.5], "size": [6, 2, 3], "inflate": 0.01, "uv": [249, 14]}
					]
				},
				{
					"name": "locator_item2",
					"parent": "jaw2",
					"pivot": [0, 31.75, -10.5],
					"locators": {
						"item": [0, 31.75, -10.5]
					}
				},
				{
					"name": "locator_jaw_lower2",
					"parent": "jaw2",
					"pivot": [0, 31.75, -9],
					"rotation": [90, 0, 0],
					"locators": {
						"jaw2": [0, 31.75, -9],
						"physical": [0, 31.75, -9],
						"special": [0, 31.75, -9]
					}
				},
				{
					"name": "eyes",
					"parent": "head2",
					"pivot": [0, 33.75, -8.2]
				},
				{
					"name": "eye_left2",
					"parent": "eyes",
					"pivot": [3.01, 34.75, -9],
					"cubes": [
						{"origin": [2.51, 32.25, -10.75], "size": [1, 3, 3], "inflate": 0.01, "pivot": [0, 29, -4.75], "rotation": [-7.5, 0, 0], "uv": [244, 41]}
					]
				},
				{
					"name": "eyelid_left2",
					"parent": "eye_left2",
					"pivot": [2.91, 34.75, -9],
					"cubes": [
						{"origin": [2.41, 32.75, -10.5], "size": [1, 4, 3], "inflate": 0.02, "uv": [224, 14]}
					]
				},
				{
					"name": "locator_eye_left2",
					"parent": "eye_left2",
					"pivot": [3.5, 34.75, -10],
					"locators": {
						"eye2": [3.5, 34.75, -10]
					}
				},
				{
					"name": "eye_right2",
					"parent": "eyes",
					"pivot": [-3.01, 34.75, -9],
					"cubes": [
						{"origin": [-3.51, 32.25, -10.75], "size": [1, 3, 3], "inflate": 0.01, "pivot": [0, 29, -4.75], "rotation": [-7.5, 0, 0], "uv": [244, 41], "mirror": true}
					]
				},
				{
					"name": "eyelid_right2",
					"parent": "eye_right2",
					"pivot": [-2.91, 34.75, -9],
					"cubes": [
						{"origin": [-3.41, 32.75, -10.5], "size": [1, 4, 3], "inflate": 0.02, "uv": [224, 0]}
					]
				},
				{
					"name": "locator_eye_right2",
					"parent": "eye_right2",
					"pivot": [-3.5, 34.75, -10],
					"locators": {
						"eye1": [-3.5, 34.75, -10]
					}
				},
				{
					"name": "leg_front_right2",
					"parent": "body2",
					"pivot": [-3.25, 28, -2.75],
					"cubes": [
						{"origin": [-4.75, 25, -4.25], "size": [3, 4, 3], "pivot": [-3.25, 29, -2.75], "rotation": [-63.84303, 29.76212, 13.70122], "uv": [248, 34]}
					]
				},
				{
					"name": "locator_foot_primary4",
					"parent": "leg_front_right2",
					"pivot": [-3.25, 25.5, -2],
					"rotation": [90, 0, 0],
					"locators": {
						"foot_primary2": [-3.25, 25.5, -2]
					}
				},
				{
					"name": "leg_front_left2",
					"parent": "body2",
					"pivot": [3.25, 28, -2.75],
					"cubes": [
						{"origin": [1.75, 25, -4.25], "size": [3, 4, 3], "pivot": [3.25, 29, -2.75], "rotation": [-58.67023, -35.63104, -19.52546], "uv": [236, 33]}
					]
				},
				{
					"name": "locator_foot_primary3",
					"parent": "leg_front_left2",
					"pivot": [3.25, 25.5, -2],
					"rotation": [90, 0, 0],
					"locators": {
						"foot_primary1": [3.25, 25.5, -2]
					}
				},
				{
					"name": "leg_back_right2",
					"parent": "body2",
					"pivot": [-3.25, 28, 3],
					"cubes": [
						{"origin": [-4.75, 25, 1.5], "size": [3, 4, 3], "uv": [224, 33]}
					]
				},
				{
					"name": "locator_foot_secondary4",
					"parent": "leg_back_right2",
					"pivot": [-3.25, 25.5, 3],
					"rotation": [90, 0, 0],
					"locators": {
						"foot_secondary2": [-3.25, 25.5, 3]
					}
				},
				{
					"name": "leg_back_left2",
					"parent": "body2",
					"pivot": [3.25, 28, 3],
					"cubes": [
						{"origin": [1.75, 25, 1.5], "size": [3, 4, 3], "uv": [251, 0]}
					]
				},
				{
					"name": "locator_foot_secondary3",
					"parent": "leg_back_left2",
					"pivot": [3.25, 25.5, 3],
					"rotation": [90, 0, 0],
					"locators": {
						"foot_secondary1": [3.25, 25.5, 3]
					}
				},
				{
					"name": "locator_middle2",
					"parent": "body2",
					"pivot": [0, 31, -2],
					"locators": {
						"middle": [0, 31, -2]
					}
				},
				{
					"name": "locator_target2",
					"parent": "body2",
					"pivot": [0, 32, -13],
					"locators": {
						"target": [0, 32, -13]
					}
				},
				{
					"name": "locator_root2",
					"parent": "turtwig",
					"pivot": [0, 25, -2],
					"locators": {
						"root": [0, 25, -2]
					}
				},
				{
					"name": "locator_top2",
					"parent": "turtwig",
					"pivot": [0, 45, -2],
					"locators": {
						"top": [0, 45, -2]
					}
				},
				{
					"name": "leg_front_left",
					"parent": "body",
					"pivot": [9.20214, 10.36054, -10],
					"cubes": [
						{"origin": [7.5, 5.5, -14.5], "size": [8, 9, 8], "pivot": [15.5, 5.5, -10.5], "rotation": [0, 0, -20], "uv": [103, 190]}
					]
				},
				{
					"name": "foot_front_left",
					"parent": "leg_front_left",
					"pivot": [11.5, 5.5, -12.5],
					"cubes": [
						{"origin": [7, 0, -15], "size": [9, 6, 9], "uv": [184, 74]},
						{"origin": [16, 0, -13], "size": [1, 3, 2], "uv": [0, 80]},
						{"origin": [6, 0, -13], "size": [1, 3, 2], "uv": [0, 61]},
						{"origin": [9.5, 0, -17], "size": [4, 5, 2], "uv": [176, 114]},
						{"origin": [9.5, 0, -6], "size": [4, 5, 2], "uv": [56, 176]}
					]
				},
				{
					"name": "locator_foot_primary2",
					"parent": "foot_front_left",
					"pivot": [11.5, 1.5, -10.5],
					"rotation": [90, 0, 0],
					"locators": {
						"foot_primary2": [11.5, 1.5, -10.5]
					}
				},
				{
					"name": "leg_back_left",
					"parent": "body",
					"pivot": [9.20214, 10.36054, 9.5],
					"cubes": [
						{"origin": [7.5, 5.5, 6], "size": [8, 9, 8], "pivot": [15.5, 5.5, 9], "rotation": [0, 0, -20], "uv": [189, 89]}
					]
				},
				{
					"name": "foot_back_left",
					"parent": "leg_back_left",
					"pivot": [11.5, 5.5, 7],
					"cubes": [
						{"origin": [7, 0, 5.5], "size": [9, 6, 9], "uv": [184, 74]},
						{"origin": [16, 0, 7.5], "size": [1, 3, 2], "uv": [0, 80]},
						{"origin": [6, 0, 7.5], "size": [1, 3, 2], "uv": [0, 61]},
						{"origin": [9.5, 0, 3.5], "size": [4, 5, 2], "uv": [176, 114]},
						{"origin": [9.5, 0, 14.5], "size": [4, 5, 2], "uv": [56, 176]}
					]
				},
				{
					"name": "locator_foot_secondary2",
					"parent": "foot_back_left",
					"pivot": [11.5, 1.5, 10],
					"rotation": [90, 0, 0],
					"locators": {
						"foot_secondary2": [11.5, 1.5, 10]
					}
				},
				{
					"name": "leg_back_right",
					"parent": "body",
					"pivot": [-9.20214, 10.36054, 9.5],
					"cubes": [
						{"origin": [-15.5, 5.5, 6], "size": [8, 9, 8], "pivot": [-15.5, 5.5, 9], "rotation": [0, 0, 20], "uv": [89, 51]}
					]
				},
				{
					"name": "foot_back_right",
					"parent": "leg_back_right",
					"pivot": [-11.5, 5.5, 7],
					"cubes": [
						{"origin": [-16, 0, 5.5], "size": [9, 6, 9], "uv": [178, 141]},
						{"origin": [-17, 0, 7.5], "size": [1, 3, 2], "uv": [26, 43]},
						{"origin": [-7, 0, 7.5], "size": [1, 3, 2], "uv": [27, 0]},
						{"origin": [-13.5, 0, 3.5], "size": [4, 5, 2], "uv": [0, 167]},
						{"origin": [-13.5, 0, 14.5], "size": [4, 5, 2], "uv": [164, 114]}
					]
				},
				{
					"name": "locator_foot_secondary1",
					"parent": "foot_back_right",
					"pivot": [-11.5, 1.5, 10],
					"rotation": [90, 0, 0],
					"locators": {
						"foot_secondary1": [-11.5, 1.5, 10]
					}
				},
				{
					"name": "leg_front_right",
					"parent": "body",
					"pivot": [-9.20214, 10.36054, -10],
					"cubes": [
						{"origin": [-15.5, 5.5, -14.5], "size": [8, 9, 8], "pivot": [-15.5, 5.5, -10.5], "rotation": [0, 0, 20], "uv": [0, 188]}
					]
				},
				{
					"name": "foot_front_right",
					"parent": "leg_front_right",
					"pivot": [-11.5, 5.5, -12.5],
					"cubes": [
						{"origin": [-16, 0, -15], "size": [9, 6, 9], "uv": [178, 141]},
						{"origin": [-17, 0, -13], "size": [1, 3, 2], "uv": [26, 43]},
						{"origin": [-7, 0, -13], "size": [1, 3, 2], "uv": [27, 0]},
						{"origin": [-13.5, 0, -17], "size": [4, 5, 2], "uv": [0, 167]},
						{"origin": [-13.5, 0, -6], "size": [4, 5, 2], "uv": [164, 114]}
					]
				},
				{
					"name": "locator_foot_primary1",
					"parent": "foot_front_right",
					"pivot": [-11.5, 1.5, -10.5],
					"rotation": [90, 0, 0],
					"locators": {
						"foot_primary1": [-11.5, 1.5, -10.5]
					}
				},
				{
					"name": "locator_middle",
					"parent": "body",
					"pivot": [0, 14, 0],
					"locators": {
						"middle": [0, 14, 0]
					}
				},
				{
					"name": "locator_target",
					"parent": "body",
					"pivot": [0, 10, -34],
					"locators": {
						"target": [0, 10, -34]
					}
				},
				{
					"name": "locator_root",
					"parent": "torterra",
					"pivot": [0, 0, 0],
					"locators": {
						"root": [0, 0, 0]
					}
				},
				{
					"name": "locator_top",
					"parent": "torterra",
					"pivot": [0, 53.5, 0],
					"locators": {
						"top": [0, 53.5, 0]
					}
				}
			]
		}
	]
}