{
    "type": "apotheosis:mob_effect",
    "definition": {
        "affix_type": "basic_effect",
        "exclusive_set": [
            "apotheosis:melee/mob_effect/sophisticated"
        ],
        "weights": {
            "pinnacle": {
                "quality": 0.75,
                "weight": 20
            }
        }
    },
    "mob_effect": "apothic_attributes:knowledge",
    "stack_on_reapply": true,
    "stacking_limit": 8,
    "target": "attack_self",
    "types": [
        "apotheosis:melee_weapon",
        "apotheosis:trident"
    ],
    "values": {
        "apotheosis:mythic": {
            "duration": {
                "min": 25.00,
                "max": 40.00,
                "step": 5.00
            },
            "amplifier": {
                "min": 0.000,
                "max": 0.250,
                "step": 0.03125
            },
            "cooldown": 80
        }
    }
}