{
    "neoforge:conditions": [
        {
            "type": "neoforge:mod_loaded",
            "modid": "ars_nouveau"
        }
    ],
    "type": "apotheosis:attribute",
    "attribute": "ars_nouveau:ars_nouveau.perk.max_mana",
    "categories": [
        "apotheosis:helmet",
        "apotheosis:chestplate",
        "apotheosis:leggings",
        "apotheosis:boots",
        "apotheosis:shield"
    ],
    "definition": {
        "affix_type": "stat",
        "exclusive_set": [],
        "weights": {
            "quality": 0.1,
            "weight": 25
        }
    },
    "operation": "add_value",
    "values": {
        "apotheosis:common": {
            "min": 3.750,
            "max": 6.250
        },
        "apotheosis:uncommon": {
            "min": 7.50,
            "max": 10.00
        },
        "apotheosis:rare": {
            "min": 11.250,
            "max": 13.750
        },
        "apotheosis:epic": {
            "min": 15.00,
            "max": 17.50
        },
        "apotheosis:mythic": {
            "min": 18.750,
            "max": 21.250
        }
    }
}