{
    "neoforge:conditions": [
        {
            "type": "neoforge:mod_loaded",
            "modid": "malum"
        }
    ],
    "type": "apotheosis:attribute",
    "attribute": "malum:scythe_proficiency",
    "categories": [
        "apotheosis:helmet",
        "apotheosis:chestplate",
        "apotheosis:leggings",
        "apotheosis:boots"
    ],
    "definition": {
        "affix_type": "stat",
        "exclusive_set": [],
        "weights": {
            "quality": 0.1,
            "weight": 25
        }
    },
    "operation": "add_multiplied_base",
    "values": {
        "apotheosis:uncommon": {
            "min": 0.025,
            "max": 0.05
        },
        "apotheosis:rare": {
            "min": 0.05,
            "max": 0.075
        },
        "apotheosis:epic": {
            "min": 0.075,
            "max": 0.1
        },
        "apotheosis:mythic": {
            "min": 0.1,
            "max": 0.125
        }
    }
}