{
  "schemaVersion": 1,
  "id": "mr_tims_ultimatelycomprehensivecobblemoneditsofdestiny",
  "version": "1.6.1-3",
  "name": "Tim's Ultimately Comprehensive Cobblemon Edits of Destiny",
  "description": "Fixes some stuff in the Cobblemon mod that can be fixed with a datapack/resourcepack solution.",
  "authors": ["tmetcalfe89"],
  "contact": {
    "homepage": "https://modrinth.com/datapack/tims-ultimately-comprehensive-cobblemon-edits-of-destiny"
  },
  "license": "LicenseRef-MIT",
  "icon": "tims-ultimately-comprehensive-cobblemon-edits-of-destiny_pack.png",
  "environment": "*",
  "depends": { "fabric-resource-loader-v0": "*" }
}
