{
	"format_version": "1.12.0",
	"minecraft:geometry": [
		{
			"description": {
				"identifier": "geometry.turtwig",
				"texture_width": 64,
				"texture_height": 64,
				"visible_bounds_width": 3,
				"visible_bounds_height": 2.5,
				"visible_bounds_offset": [0, 0.75, 0]
			},
			"bones": [
				{
					"name": "turtwig",
					"pivot": [0, 0, 0]
				},
				{
					"name": "body",
					"parent": "turtwig",
					"pivot": [0, 4, 2]
				},
				{
					"name": "torso",
					"parent": "body",
					"pivot": [0, 5.33833, 2.82407],
					"cubes": [
						{"origin": [-4, 1.9981, -1.95642], "size": [8, 4, 9], "uv": [0, 14]},
						{"origin": [-4.5, 4.2481, -1.45642], "size": [9, 5, 9], "inflate": -0.01, "pivot": [0, 6.2481, 2.54358], "rotation": [-7.5, 0, 0], "uv": [0, 0]},
						{"origin": [1, 8.2481, 1.54358], "size": [3, 7, 5], "inflate": -0.01, "uv": [0, 48]},
						{"origin": [-4, 8.2481, 1.54358], "size": [3, 7, 5], "inflate": -0.01, "uv": [0, 48], "mirror": true}
					]
				},
				{
					"name": "tail",
					"parent": "torso",
					"pivot": [0, 3.2481, 6.79358],
					"cubes": [
						{"origin": [0, 2.4981, 6.54358], "size": [0, 3, 3], "uv": [18, 24]}
					]
				},
				{
					"name": "locator_tail",
					"parent": "tail",
					"pivot": [0, 3.5, 8],
					"rotation": [-5, 180, 0],
					"locators": {
						"tail": [0, 3.5, 8]
					}
				},
				{
					"name": "locator_tail_tip",
					"parent": "tail",
					"pivot": [0, 4.5, 9.5],
					"rotation": [-25, 180, 0],
					"locators": {
						"tail_tip": [0, 4.5, 9.5]
					}
				},
				{
					"name": "head",
					"parent": "torso",
					"pivot": [0, 7.25, -1.75],
					"cubes": [
						{"origin": [-3.5, 6.75, -9], "size": [7, 7, 8], "inflate": 0.01, "uv": [26, 19]},
						{"origin": [3.5, 5.75, -5], "size": [1, 4, 4], "inflate": 0.01, "uv": [36, 34]},
						{"origin": [-4.5, 5.75, -5], "size": [1, 4, 4], "inflate": 0.01, "uv": [36, 3]},
						{"origin": [-3.5, 4.75, -5.5], "size": [7, 2, 4], "inflate": 0.01, "uv": [0, 27]}
					]
				},
				{
					"name": "locator_mouth",
					"parent": "head",
					"pivot": [0, 6.75, -4.5],
					"locators": {
						"mouth": [0, 6.75, -4.5]
					}
				},
				{
					"name": "locator_jaw_upper",
					"parent": "head",
					"pivot": [0, 0, 0],
					"locators": {
						"jaw1": {
							"offset": [0, 6.75, -6.5],
							"rotation": [-90, 0, 0]
						}
					}
				},
				{
					"name": "locator_item_face",
					"parent": "head",
					"pivot": [0, 9.75, -9],
					"locators": {
						"item_face": [0, 9.75, -9]
					}
				},
				{
					"name": "locator_face",
					"parent": "head",
					"pivot": [0, 9.75, -9],
					"locators": {
						"face": [0, 9.75, -9]
					}
				},
				{
					"name": "locator_item_hat",
					"parent": "head",
					"pivot": [0, 13.75, -5],
					"locators": {
						"item_hat": [0, 13.75, -5]
					}
				},
				{
					"name": "locator_head",
					"parent": "head",
					"pivot": [0, 13.75, -7],
					"locators": {
						"head": [0, 13.75, -7]
					}
				},
				{
					"name": "twig",
					"parent": "head",
					"pivot": [0, 13.5, -3],
					"cubes": [
						{"origin": [-0.5, 12.75, -3.5], "size": [1, 5, 1], "uv": [22, 30]}
					]
				},
				{
					"name": "leaf_left",
					"parent": "head",
					"pivot": [0.5, 16.25, -3],
					"rotation": [0, 0, 17.5],
					"cubes": [
						{"origin": [-0.5, 16.25, -3], "size": [6, 4, 0], "uv": [40, 11]}
					]
				},
				{
					"name": "leaf_right",
					"parent": "head",
					"pivot": [-0.5, 16.25, -3],
					"rotation": [0, 0, -17.5],
					"cubes": [
						{"origin": [-5.5, 16.25, -3], "size": [6, 4, 0], "uv": [0, 40]}
					]
				},
				{
					"name": "jaw",
					"parent": "head",
					"pivot": [0, 6.5, -5],
					"cubes": [
						{"origin": [-3, 4.75, -8.5], "size": [6, 2, 3], "inflate": 0.01, "uv": [25, 14]}
					]
				},
				{
					"name": "tongue",
					"parent": "jaw",
					"pivot": [0, 6.75, -7.5],
					"cubes": [
						{"origin": [-1.5, 6.75, -11.5], "size": [3, 0, 4], "inflate": 0.01, "uv": [45, 19]}
					]
				},
				{
					"name": "tongue2",
					"parent": "tongue",
					"pivot": [0, 6.75, -11.5],
					"cubes": [
						{"origin": [-1, 6.75, -13.5], "size": [2, 0, 2], "inflate": 0.01, "uv": [44, 17]}
					]
				},
				{
					"name": "locator_item",
					"parent": "jaw",
					"pivot": [0, 6.75, -8.5],
					"locators": {
						"item": [0, 6.75, -8.5]
					}
				},
				{
					"name": "locator_jaw_lower",
					"parent": "jaw",
					"pivot": [0, 6.75, -7],
					"rotation": [90, 0, 0],
					"locators": {
						"jaw2": [0, 6.75, -7],
						"physical": [0, 6.75, -7],
						"special": [0, 6.75, -7]
					}
				},
				{
					"name": "eyes",
					"parent": "head",
					"pivot": [0, 8.75, -6.2]
				},
				{
					"name": "eye_left",
					"parent": "eyes",
					"pivot": [3.01, 9.75, -7],
					"cubes": [
						{"origin": [2.51, 7.75, -8.5], "size": [1, 4, 3], "inflate": 0.01, "uv": [20, 41]}
					]
				},
				{
					"name": "eyelid_left",
					"parent": "eye_left",
					"pivot": [2.91, 9.75, -7],
					"cubes": [
						{"origin": [2.41, 7.75, -8.5], "size": [1, 4, 3], "inflate": 0.02, "uv": [0, 14]}
					]
				},
				{
					"name": "locator_eye_left",
					"parent": "eye_left",
					"pivot": [3.5, 9.75, -8],
					"locators": {
						"eye2": [3.5, 9.75, -8]
					}
				},
				{
					"name": "eye_right",
					"parent": "eyes",
					"pivot": [-3.01, 9.75, -7],
					"cubes": [
						{"origin": [-3.51, 7.75, -8.5], "size": [1, 4, 3], "inflate": 0.01, "uv": [12, 40]}
					]
				},
				{
					"name": "eyelid_right",
					"parent": "eye_right",
					"pivot": [-2.91, 9.75, -7],
					"cubes": [
						{"origin": [-3.41, 7.75, -8.5], "size": [1, 4, 3], "inflate": 0.02, "uv": [0, 0]}
					]
				},
				{
					"name": "locator_eye_right",
					"parent": "eye_right",
					"pivot": [-3.5, 9.75, -8],
					"locators": {
						"eye1": [-3.5, 9.75, -8]
					}
				},
				{
					"name": "leg_front_right",
					"parent": "body",
					"pivot": [-3.25, 3, -0.75],
					"cubes": [
						{"origin": [-4.75, 0, -2.25], "size": [3, 4, 3], "uv": [24, 34]}
					]
				},
				{
					"name": "locator_foot_primary2",
					"parent": "leg_front_right",
					"pivot": [-3.25, 0.5, 0],
					"rotation": [90, 0, 0],
					"locators": {
						"foot_primary2": [-3.25, 0.5, 0]
					}
				},
				{
					"name": "leg_front_left",
					"parent": "body",
					"pivot": [3.25, 3, -0.75],
					"cubes": [
						{"origin": [1.75, 0, -2.25], "size": [3, 4, 3], "uv": [12, 33]}
					]
				},
				{
					"name": "locator_foot_primary1",
					"parent": "leg_front_left",
					"pivot": [3.25, 0.5, 0],
					"rotation": [90, 0, 0],
					"locators": {
						"foot_primary1": [3.25, 0.5, 0]
					}
				},
				{
					"name": "leg_back_right",
					"parent": "body",
					"pivot": [-3.25, 3, 5],
					"cubes": [
						{"origin": [-4.75, 0, 3.5], "size": [3, 4, 3], "uv": [0, 33]}
					]
				},
				{
					"name": "locator_foot_secondary2",
					"parent": "leg_back_right",
					"pivot": [-3.25, 0.5, 5],
					"rotation": [90, 0, 0],
					"locators": {
						"foot_secondary2": [-3.25, 0.5, 5]
					}
				},
				{
					"name": "leg_back_left",
					"parent": "body",
					"pivot": [3.25, 3, 5],
					"cubes": [
						{"origin": [1.75, 0, 3.5], "size": [3, 4, 3], "uv": [27, 0]}
					]
				},
				{
					"name": "locator_foot_secondary1",
					"parent": "leg_back_left",
					"pivot": [3.25, 0.5, 5],
					"rotation": [90, 0, 0],
					"locators": {
						"foot_secondary1": [3.25, 0.5, 5]
					}
				},
				{
					"name": "locator_middle",
					"parent": "body",
					"pivot": [0, 6, 0],
					"locators": {
						"middle": [0, 6, 0]
					}
				},
				{
					"name": "locator_target",
					"parent": "body",
					"pivot": [0, 7, -11],
					"locators": {
						"target": [0, 7, -11]
					}
				},
				{
					"name": "locator_root",
					"parent": "turtwig",
					"pivot": [0, 0, 0],
					"locators": {
						"root": [0, 0, 0]
					}
				},
				{
					"name": "locator_top",
					"parent": "turtwig",
					"pivot": [0, 20, 0],
					"locators": {
						"top": [0, 20, 0]
					}
				}
			]
		}
	]
}