{
    "type": "apotheosis:mob_effect",
    "definition": {
        "affix_type": "basic_effect",
        "exclusive_set": [],
        "weights": {
            "quality": 0.1,
            "weight": 25
        }
    },
    "mob_effect": "minecraft:haste",
    "target": "break_self",
    "types": [
        "apotheosis:breaker"
    ],
    "values": {
        "apotheosis:uncommon": {
            "duration": {
                "min": 25.00,
                "max": 50.00,
                "step": 5.00
            },
            "amplifier": 0.0,
            "cooldown": 600
        },
        "apotheosis:rare": {
            "duration": {
                "min": 50.00,
                "max": 75.00,
                "step": 5.00
            },
            "amplifier": 0.0,
            "cooldown": 600
        },
        "apotheosis:epic": {
            "duration": {
                "min": 50.00,
                "max": 90.00,
                "step": 5.00
            },
            "amplifier": {
                "min": 0.000,
                "max": 0.250,
                "step": 0.0625
            },
            "cooldown": 600
        },
        "apotheosis:mythic": {
            "duration": {
                "min": 60.00,
                "max": 100.00,
                "step": 5.00
            },
            "amplifier": {
                "min": 0.000,
                "max": 0.50,
                "step": 0.0625
            },
            "cooldown": 600
        }
    }
}