{
  "msd_id": "ancient_light_ball",
  "item_id": "minecraft:red_dye",
  "item_name": "Ancient Light Ball",
  "item_description": [],
  "consume": 1,
  "pokemons": [
    "Pichu"
  ],
  "apply_if": [
    ["female"]
  ],
  "apply_aspects": [
    "spiky_eared=true"
  ],
  "revert_if": [
	["spiky_eared"]
  ],
  
  "revert_aspects": [
    "spiky_eared=false"
  ],
  "custom_model_data": 260617,
  "tradable_form": true,
  "effects": {
    "minecraft": {
      "particle_apply": "minecraft:end_rod",
      "particle_revert": "minecraft:end_rod",
      "sound_apply": "minecraft:block.beacon.activate",
      "sound_revert": "minecraft:block.beacon.deactivate",
      "particle_apply_amplifier": 1,
      "particle_revert_amplifier": 1
    }
  }
}