{
  "msd_id": "binding_armor",
  "item_id": "minecraft:purple_dye",
  "item_name": "Binding Armor",
  "item_description": [],
  "consume": 0,
  "pokemons": [
    "Mewtwo"
  ],
  "apply_if": [],
  "blacklist_aspects": [
    ["shadows"]
  ],
  "apply_aspects": [
    "armored=true"
  ],
  "revert_if": [
	["armored"]
  ],
  "revert_aspects": [
    "armored=false"
  ],
  "custom_model_data": 260614,
  "tradable_form": true,
  "effects": {
    "minecraft": {
      "particle_apply": "minecraft:campfire_cosy_smoke",
      "particle_revert": "minecraft:end_rod",
      "sound_apply": "minecraft:block.beacon.activate",
      "sound_revert": "minecraft:block.beacon.deactivate",
      "particle_apply_amplifier": 1,
      "particle_revert_amplifier": 1
    }
  }
}