{
  "msd_id": "corrupted_wish",
  "item_id": "minecraft:purple_dye",
  "item_name": "Corrupted Wish",
  "item_description": [],
  "consume": 0,
  "pokemons": [
    "Groudon"
  ],
  "apply_if": [],
  "blacklist_aspects": [
    ["primal"]
  ],
  "apply_aspects": [
    "virus=true"
  ],
  "revert_if": [
	["virus"]
  ],
  "revert_aspects": [
    "virus=false"
  ],
  "custom_model_data": 260620,
  "tradable_form": true,
  "effects": {
    "minecraft": {
      "particle_apply": "minecraft:campfire_cosy_smoke",
      "particle_revert": "minecraft:end_rod",
      "sound_apply": "minecraft:block.beacon.activate",
      "sound_revert": "minecraft:block.beacon.deactivate",
      "particle_apply_amplifier": 1,
      "particle_revert_amplifier": 1
    }
  }
}