{
  "msd_id": "costume_box_incineroar",
  "item_id": "minecraft:white_dye",
  "item_name": "Costume Box (Incineroar)",
  "item_description": [],
  "consume": 0,
  "pokemons": [
    "Incineroar"
  ],
  "apply_if": [],
  "apply_aspects": [],
  "revert_if": [],
  "revert_aspects": [],
  "toggle_cycle": [
    ["champion-costume"],
    ["royal_mask-costume"],
    ["summer-costume"],
    ["dancer-costume"],
    ["1pride-costume"],
    ["ace_pride-costume"],
    ["trans_pride-costume"],
    ["bi_pride-costume"],
    ["pan_pride-costume"],
    ["tekken-costume"],
    ["team_skull-costume"],
    ["no-costume"]
  ],
  "toggle_aspects": [
    ["incineroar_costume=champion"],
    ["incineroar_costume=royal_mask"],
    ["incineroar_costume=summer"],
    ["incineroar_costume=dancer"],
    ["incineroar_costume=1pride"],
    ["incineroar_costume=ace_pride"],
    ["incineroar_costume=trans_pride"],
    ["incineroar_costume=bi_pride"],
    ["incineroar_costume=pan_pride"],
    ["incineroar_costume=tekken"],
    ["incineroar_costume=team_skull"],
    ["incineroar_costume=no"]
  ],
  "custom_model_data": 260607,
  "tradable_form": false,
  "effects": {
    "minecraft": {
      "particle_apply": "minecraft:crimson_spore",
      "particle_revert": "minecraft:crimson_spore",
      "sound_apply": "minecraft:item.armor.equip_leather",
      "sound_revert": "minecraft:item.armor.equip_leather",
      "particle_apply_amplifier": 1,
      "particle_revert_amplifier": 1
    }
  }
}
