{
  "msd_id": "costume_box_lucario",
  "item_id": "minecraft:white_dye",
  "item_name": "Costume Box (Lucario)",
  "item_description": [],
  "consume": 0,
  "pokemons": [
    "Lucario"
  ],
  "apply_if": [],
  "apply_aspects": [],
  "revert_if": [],
  "revert_aspects": [],
  "toggle_cycle": [
    ["cafe-costume"],
    ["captain-costume"],
    ["chef-costume"],
    ["concert-costume"],
    ["costume_party-costume"],
    ["holiday-costume"],
    ["martial_arts-costume"],
    ["ruins-costume"],
    ["space-costume"],
    ["no-costume"]
  ],
  "toggle_aspects": [
    ["costume=cafe"],
    ["costume=captain"],
    ["costume=chef"],
    ["costume=concert"],
    ["costume=costume_party"],
    ["costume=holiday"],
    ["costume=martial_arts"],
    ["costume=ruins"],
    ["costume=space"],
    ["costume=no"]
  ],
  "custom_model_data": 260608,
  "tradable_form": true,
  "effects": {
    "minecraft": {
      "particle_apply": "minecraft:crimson_spore",
      "particle_revert": "minecraft:crimson_spore",
      "sound_apply": "minecraft:item.armor.equip_leather",
      "sound_revert": "minecraft:item.armor.equip_leather",
      "particle_apply_amplifier": 1,
      "particle_revert_amplifier": 1
    }
  }
}