{
  "msd_id": "green_scarf",
  "item_id": "minecraft:white_dye",
  "item_name": "Green Scarf",
  "item_description": [],
  "consume": 0,
  "pokemons": [
    "Riolu",
    "Lucario"
  ],
  "apply_if": [],
  "apply_aspects": [
    "scarf=psmd",
    "costume=no"
  ],
  "revert_if": [
    ["psmd-scarf"]
  ],
  "revert_aspects": [
    "scarf=no",
    "costume=no"
  ],
  "custom_model_data": 260610,
  "tradable_form": true,
  "effects": {
    "minecraft": {
      "particle_apply": "minecraft:enchant",
      "particle_revert": "minecraft:white_ash",
      "sound_apply": "minecraft:entity.allay.ambient_without_item",
      "sound_revert": "minecraft:entity.allay.item_taken",
      "particle_apply_amplifier": 1,
      "particle_revert_amplifier": 1
    }
  }
}