{
  "msd_id": "meteorite",
  "item_id": "minecraft:red_dye",
  "item_name": "Meteorite",
  "item_description": [],
  "consume": 0,
  "pokemons": [
    "Deoxys"
  ],
  "apply_if": [],
  "apply_aspects": [],
  "revert_if": [],
  "revert_aspects": [],
  "toggle_cycle": [
    ["normal-forme"],
    ["attack-forme"],
    ["speed-forme"],
    ["defense-forme"]
  ],
  "toggle_aspects": [
    ["meteorite_forme=normal"],
    ["meteorite_forme=attack"],
    ["meteorite_forme=speed"],
    ["meteorite_forme=defense"]
  ],
  "custom_model_data": 260612,
  "tradable_form": true,
  "effects": {
    "minecraft": {
      "particle_apply": "minecraft:sonic_boom",
      "particle_revert": "minecraft:sonic_boom",
      "sound_apply": "minecraft:entity.wither.ambient",
      "sound_revert": "minecraft:entity.wither.ambient",
      "particle_apply_amplifier": 1,
      "particle_revert_amplifier": 1
    }
  }
}