{
  "msd_id": "shadow_energy",
  "item_id": "minecraft:purple_dye",
  "item_name": "Shadow Energy",
  "item_description": [],
  "consume": 0,
  "pokemons": [
    "Lugia",
    "Mewtwo"
  ],
  "apply_if": [],
  "blacklist_aspects": [
    ["armored"]
  ],
  "apply_aspects": [
    "shadows=true"
  ],
  
  "revert_if": [
    ["shadows"]
  ],
  "revert_aspects": [
    "shadows=false"
  ],
  "custom_model_data": 260613,
  "tradable_form": true,
  "effects": {
    "minecraft": {
      "particle_apply": "minecraft:dragon_breath",
      "particle_revert": "minecraft:end_rod",
      "sound_apply": "minecraft:block.beacon.activate",
      "sound_revert": "minecraft:block.beacon.deactivate",
      "particle_apply_amplifier": 1,
      "particle_revert_amplifier": 1
    }
  }
}