{
  "msd_id": "water_shuriken",
  "item_id": "minecraft:red_dye",
  "item_name": "Water Shuriken",
  "item_description": [],
  "consume": 0,
  "pokemons": [
    "Greninja"
  ],
  "apply_if": [
	["bond"]
  ],
  "apply_aspects": [
    "battle_bond=ash"
  ],
  "revert_if": [
	["ash"]
  ],
  "revert_aspects": [
    "battle_bond=bond"
  ],
  "custom_model_data": 260611,
  "tradable_form": true,
  "effects": {
    "minecraft": {
      "particle_apply": "minecraft:end_rod",
      "particle_revert": "minecraft:end_rod",
      "sound_apply": "minecraft:block.beacon.activate",
      "sound_revert": "minecraft:block.beacon.deactivate",
      "particle_apply_amplifier": 1,
      "particle_revert_amplifier": 1
    }
  }
}