{
    "type": "apotheosis:festive",
    "definition": {
        "affix_type": "basic_effect",
        "exclusive_set": [],
        "weights": {
            "quality": 0.1,
            "weight": 25
        }
    },
    "values": {
        "apotheosis:epic": {
            "min": 0.005,
            "max": 0.0125,
            "step": 0.00125
        },
        "apotheosis:mythic": {
            "min": 0.0075,
            "max": 0.015,
            "step": 0.00125
        }
    }
}