{
    "type": "apotheosis:thunderstruck",
    "categories": [
        "apotheosis:melee_weapon",
        "apotheosis:trident"
    ],
    "definition": {
        "affix_type": "ability",
        "exclusive_set": [],
        "weights": {
            "quality": 0.1,
            "weight": 25
        }
    },
    "values": {
        "apotheosis:epic": {
            "min": 0.750,
            "max": 1.50,
            "step": 0.250
        },
        "apotheosis:mythic": {
            "min": 1.00,
            "max": 2.00,
            "step": 0.250
        }
    }
}