{
  "entries": [
    {
      "type": "VEG",
      "effects": [
        {
          "effect": "minecraft:regeneration",
          "level": 0,
          "time": 160
        }
      ],
      "ingredient": [
        {
          "item": "cobblemon:medicinal_leek"
        }
      ],
      "max_time": 240,
      "min_time": 80,
      "nutrition": 5,
      "overcook_penalty": 0.5,
      "raw_penalty": 0,
      "size": 1,
      "stir_time": 60
    },
    {
      "type": "VEG",
      "effects": [
        {
          "effect": "minecraft:regeneration",
          "level": 1,
          "time": 240
        }
      ],
      "ingredient": [
        {
          "item": "cobblemon:vivichoke"
        }
      ],
      "max_time": 240,
      "min_time": 120,
      "nutrition": 7,
      "overcook_penalty": 0.5,
      "raw_penalty": 0,
      "size": 1,
      "stir_time": 60
    },
    {
      "type": "VEG",
      "effects": [
        {
          "effect": "minecraft:regeneration",
          "level": 0,
          "time": 320
        }
      ],
      "ingredient": [
        {
          "item": "cobblemon:oran_berry"
        }
      ],
      "max_time": 220,
      "min_time": 60,
      "nutrition": 3,
      "overcook_penalty": 0.5,
      "raw_penalty": 0,
      "size": 1,
      "stir_time": 60
    },
    {
      "type": "VEG",
      "effects": [
        {
          "effect": "minecraft:regeneration",
          "level": 1,
          "time": 440
        }
      ],
      "ingredient": [
        {
          "item": "cobblemon:sitrus_berry"
        },
        {"item": "cobblemon:pecha_berry"},
        {"item": "cobblemon:enigma_berry"}
      ],
      "max_time": 220,
      "min_time": 60,
      "nutrition": 3,
      "overcook_penalty": 0.5,
      "raw_penalty": 0,
      "size": 1,
      "stir_time": 60
    },
    {
      "type": "VEG",
      "effects": [
        {
          "effect": "minecraft:night_vision",
          "level": 0,
          "time": 700
        }
      ],
      "ingredient": [
        {
          "item": "cobblemon:chesto_berry"
        }
      ],
      "max_time": 220,
      "min_time": 60,
      "nutrition": 3,
      "overcook_penalty": 0.5,
      "raw_penalty": 0,
      "size": 1,
      "stir_time": 60
    },
    {
      "type": "VEG",
      "effects": [
        {
          "effect": "minecraft:poison",
          "level": 1,
          "time": 1
        }
      ],
      "ingredient": [
        {
          "item": "cobblemon:pecha_berry"
        }
      ],
      "max_time": 220,
      "min_time": 60,
      "nutrition": 3,
      "overcook_penalty": 0.5,
      "raw_penalty": 0,
      "size": 1,
      "stir_time": 60
    },
    {
      "type": "VEG",
      "effects": [
        {
          "effect": "minecraft:slowness",
          "level": 0,
          "time": 20
        }
      ],
      "ingredient": [
        {
          "item": "cobblemon:aspear_berry"
        },
        {
          "item": "cobblemon:lum_berry"
        },
        {
          "item": "cobblemon:touga_berry"
        }
      ],
      "max_time": 220,
      "min_time": 60,
      "nutrition": 3,
      "overcook_penalty": 0.5,
      "raw_penalty": 0,
      "size": 1,
      "stir_time": 60
    },
    {
      "type": "VEG",
      "effects": [
        {
          "effect": "minecraft:weakness",
          "level": 0,
          "time": 20
        }
      ],
      "ingredient": [
        {
          "item": "cobblemon:persim_berry"
        }
      ],
      "max_time": 220,
      "min_time": 60,
      "nutrition": 3,
      "overcook_penalty": 0.5,
      "raw_penalty": 0,
      "size": 1,
      "stir_time": 60
    },
    {
      "type": "VEG",
      "effects": [
        {
          "effect": "minecraft:saturation",
          "level": 0,
          "time": 500
        }
      ],
      "ingredient": [
        {
          "item": "cobblemon:hopo_berry"
        },
        {
          "item": "cobblemon:leppa_berry"
        },
        {
          "item": "cobblemon:razz_berry"
        },
        {
          "item": "cobblemon:bluk_berry"
        },
        {
          "item": "cobblemon:nanab_berry"
        },
        {
          "item": "cobblemon:pinap_berry"
        },
        {
          "item": "cobblemon:cornn_berry"
        },
        {
          "item": "cobblemon:magost_berry"
        },
        {
          "item": "cobblemon:rabuta_berry"
        },
        {
          "item": "cobblemon:nomel_berry"
        },
        {
          "item": "cobblemon:spelon_berry"
        },
        {
          "item": "cobblemon:pamtre_berry"
        },
        {
          "item": "cobblemon:watmel_berry"
        },
        {
          "item": "cobblemon:durin_berry"
        },
        {
          "item": "cobblemon:belue_berry"
        },
        {
          "item": "cobblemon:jaboca_berry"
        },
        {
          "item": "cobblemon:rowap_berry"
        }
      ],
      "max_time": 220,
      "min_time": 60,
      "nutrition": 3,
      "overcook_penalty": 0.5,
      "raw_penalty": 0,
      "size": 1,
      "stir_time": 60
    },
    {
      "type": "VEG",
      "effects": [
        {
          "effect": "minecraft:fire_resistance",
          "level": 0,
          "time": 700
        }
      ],
      "ingredient": [
        {
          "item": "cobblemon:occa_berry"
        },
        {
          "item": "cobblemon:rawst_berry"
        }
      ],
      "max_time": 220,
      "min_time": 60,
      "nutrition": 3,
      "overcook_penalty": 0.5,
      "raw_penalty": 0,
      "size": 1,
      "stir_time": 60
    },
    {
      "type": "VEG",
      "effects": [
        {
          "effect": "minecraft:water_breathing",
          "level": 0,
          "time": 700
        }
      ],
      "ingredient": [
        {
          "item": "cobblemon:passho_berry"
        }
      ],
      "max_time": 220,
      "min_time": 60,
      "nutrition": 3,
      "overcook_penalty": 0.5,
      "raw_penalty": 0,
      "size": 1,
      "stir_time": 60
    },
    {
      "type": "VEG",
      "effects": [
        {
          "effect": "minecraft:resistance",
          "level": 0,
          "time": 700
        }
      ],
      "ingredient": [
        {
          "item": "cobblemon:wacan_berry"
        },
        {
          "item": "cobblemon:rindo_berry"
        },
        {
          "item": "cobblemon:yache_berry"
        },
        {
          "item": "cobblemon:chople_berry"
        },
        {
          "item": "cobblemon:kebia_berry"
        },
        {
          "item": "cobblemon:shuca_berry"
        },
        {
          "item": "cobblemon:coba_berry"
        },
        {
          "item": "cobblemon:tanga_berry"
        },
        {
          "item": "cobblemon:charti_berry"
        },
        {
          "item": "cobblemon:kasib_berry"
        },
        {
          "item": "cobblemon:haban_berry"
        },
        {
          "item": "cobblemon:colbur_berry"
        },
        {
          "item": "cobblemon:babiri_berry"
        },
        {
          "item": "cobblemon:chilan_berry"
        },
        {
          "item": "cobblemon:roseli_berry"
        },
        {
          "item": "cobblemon:payapa_berry"
        },
        {
          "item": "cobblemon:cheri_berry"
        },
        {
          "item": "cobblemon:ganlon_berry"
        }
      ],
      "max_time": 220,
      "min_time": 60,
      "nutrition": 3,
      "overcook_penalty": 0.5,
      "raw_penalty": 0,
      "size": 1,
      "stir_time": 60
    },
    {
      "type": "VEG",
      "effects": [
        {
          "effect": "minecraft:instant_health",
          "level": 1,
          "time": 20
        },
        {
          "effect": "minecraft:nausea",
          "level": 1,
          "time": 200
        }
      ],
      "ingredient": [
        {
          "item": "cobblemon:figy_berry"
        },
        {
          "item": "cobblemon:wiki_berry"
        },
        {
          "item": "cobblemon:mago_berry"
        },
        {
          "item": "cobblemon:aguav_berry"
        },
        {
          "item": "cobblemon:iapapa_berry"
        }
      ],
      "max_time": 220,
      "min_time": 60,
      "nutrition": 3,
      "overcook_penalty": 0.5,
      "raw_penalty": 0,
      "size": 1,
      "stir_time": 60
    },
    {
      "type": "VEG",
      "effects": [
        {
          "effect": "minecraft:strength",
          "level": 0,
          "time": 700
        }
      ],
      "ingredient": [
        {
          "item": "cobblemon:liechi_berry"
        },
        {
          "item": "cobblemon:petaya_berry"
        }
      ],
      "max_time": 220,
      "min_time": 60,
      "nutrition": 3,
      "overcook_penalty": 0.5,
      "raw_penalty": 0,
      "size": 1,
      "stir_time": 60
    },
    {
      "type": "VEG",
      "effects": [
        {
          "effect": "minecraft:absorption",
          "level": 1,
          "time": 700
        }
      ],
      "ingredient": [
        {
          "item": "cobblemon:apicot_berry"
        },
        {
          "item": "cobblemon:maranga_berry"
        }
      ],
      "max_time": 220,
      "min_time": 60,
      "nutrition": 3,
      "overcook_penalty": 0.5,
      "raw_penalty": 0,
      "size": 1,
      "stir_time": 60
    },
    {
      "type": "VEG",
      "effects": [
        {
          "effect": "minecraft:speed",
          "level": 0,
          "time": 700
        }
      ],
      "ingredient": [
        {
          "item": "cobblemon:salac_berry"
        }
      ],
      "max_time": 220,
      "min_time": 60,
      "nutrition": 3,
      "overcook_penalty": 0.5,
      "raw_penalty": 0,
      "size": 1,
      "stir_time": 60
    },
    {
      "type": "VEG",
      "effects": [
        {
          "effect": "minecraft:haste",
          "level": 1,
          "time": 700
        }
      ],
      "ingredient": [
        {
          "item": "cobblemon:lansat_berry"
        },
        {
          "item": "cobblemon:micle_berry"
        },
        {
          "item": "cobblemon:custap_berry"
        },
        {
          "item": "cobblemon:starf_berry"
        }
      ],
      "max_time": 220,
      "min_time": 60,
      "nutrition": 3,
      "overcook_penalty": 0.5,
      "raw_penalty": 0,
      "size": 1,
      "stir_time": 60
    },
    {
      "type": "VEG",
      "effects": [
        {
          "effect": "minecraft:health_boost",
          "level": 1,
          "time": 700
        }
      ],
      "ingredient": [
        {
          "item": "cobblemon:pomeg_berry"
        },
        {
          "item": "cobblemon:kelpsy_berry"
        },
        {
          "item": "cobblemon:qualot_berry"
        },
        {
          "item": "cobblemon:hondew_berry"
        },
        {
          "item": "cobblemon:grepa_berry"
        },
        {
          "item": "cobblemon:tamato_berry"
        }
      ],
      "max_time": 220,
      "min_time": 60,
      "nutrition": 3,
      "overcook_penalty": 0.5,
      "raw_penalty": 0,
      "size": 1,
      "stir_time": 60
    }
  ]
}