{
	"pools": [
		{
			"rolls": 1,
			"entries": [
				{
					"type": "item",
					"name": "minecraft:stick",
					"weight": 5,
					"functions": [
						{
							"function": "set_count",
							"count": {
								"min": 1,
								"max": 2
							}
						}
					]
				},
				{
					"type": "item",
					"name": "minecraft:iron_nugget",
					"weight": 5
				},
				{
					"type": "item",
					"name": "minecraft:gold_nugget",
					"weight": 5
				},
				{
					"type": "item",
					"name": "minecraft:wheat_seeds",
					"weight": 5
				},
				{
					"type": "item",
					"name": "cobblemon:vivichoke_seeds",
					"weight": 5
				},
				{
					"type": "item",
					"name": "cobblemon:oran_berry",
					"weight": 5
				},
				{
					"type": "item",
					"name": "cobblemon:health_feather",
					"weight": 5,
					"functions": [
						{
							"function": "set_count",
							"count": {
								"min": 1,
								"max": 4
							}
						}
					]
				},
				{
					"type": "item",
					"name": "cobblemon:muscle_feather",
					"weight": 5,
					"functions": [
						{
							"function": "set_count",
							"count": {
								"min": 1,
								"max": 4
							}
						}
					]
				},
				{
					"type": "item",
					"name": "cobblemon:resist_feather",
					"weight": 5,
					"functions": [
						{
							"function": "set_count",
							"count": {
								"min": 1,
								"max": 4
							}
						}
					]
				},
				{
					"type": "item",
					"name": "cobblemon:genius_feather",
					"weight": 5,
					"functions": [
						{
							"function": "set_count",
							"count": {
								"min": 1,
								"max": 4
							}
						}
					]
				},
				{
					"type": "item",
					"name": "cobblemon:clever_feather",
					"weight": 5,
					"functions": [
						{
							"function": "set_count",
							"count": {
								"min": 1,
								"max": 4
							}
						}
					]
				},
				{
					"type": "item",
					"name": "cobblemon:swift_feather",
					"weight": 5,
					"functions": [
						{
							"function": "set_count",
							"count": {
								"min": 1,
								"max": 4
							}
						}
					]
				},
				{
					"type": "item",
					"name": "cobblemon:relic_coin",
					"weight": 5
				},
				{
					"type": "item",
					"name": "cobblemon:tumblestone",
					"weight": 3
				},
				{
					"type": "item",
					"name": "cobblemon:black_tumblestone",
					"weight": 3
				},
				{
					"type": "item",
					"name": "cobblemon:sky_tumblestone",
					"weight": 3
				},
				{
					"type": "item",
					"name": "cobblemon:lucky_egg",
					"weight": 1
				}
			]
		}
	]
}