{
    "neoforge:conditions": [
        {
            "type": "neoforge:mod_loaded",
            "modid": "malum"
        }
    ],
    "type": "apotheosis:attribute",
    "attribute": "minecraft:generic.attack_speed",
    "categories": [
        "apothic_compats:scythe"
    ],
    "definition": {
        "affix_type": "stat",
        "exclusive_set": [],
        "weights": {
            "quality": 0.1,
            "weight": 25
        }
    },
    "operation": "add_multiplied_total",
    "values": {
        "apotheosis:common": {
            "min": 0.0375,
            "max": 0.0625
        },
        "apotheosis:uncommon": {
            "min": 0.05,
            "max": 0.075
        },
        "apotheosis:rare": {
            "min": 0.05,
            "max": 0.0875
        },
        "apotheosis:epic": {
            "min": 0.0625,
            "max": 0.125
        },
        "apotheosis:mythic": {
            "min": 0.1,
            "max": 0.2125
        }
    }
}