{
    "neoforge:conditions": [
        {
            "type": "neoforge:mod_loaded",
            "modid": "malum"
        }
    ],
    "type": "apotheosis:attribute",
    "attribute": "minecraft:generic.attack_damage",
    "categories": [
        "apothic_compats:staff"
    ],
    "definition": {
        "affix_type": "stat",
        "exclusive_set": [],
        "weights": {
            "quality": 0.1,
            "weight": 25
        }
    },
    "operation": "add_multiplied_base",
    "values": {
        "apotheosis:rare": {
            "min": 0.0375,
            "max": 0.1075
        },
        "apotheosis:epic": {
            "min": 0.045,
            "max": 0.12
        },
        "apotheosis:mythic": {
            "min": 0.0625,
            "max": 0.1375
        }
    }
}