{
    "type": "apotheosis:gem",
    "constraints": {
        "dimensions": [
            "minecraft:the_end"
        ]
    },
    "min_purity": "normal",
    "unique": true,
    "weights": {
        "summit": {
            "quality": 2.0,
            "weight": 50
        },
        "pinnacle": {
            "quality": 2.0,
            "weight": 50
        }
    },
    "bonuses": [
        {
            "type": "apotheosis:multi_attribute",
            "desc": "bonus.apotheosis:multi_attr.desc.and",
            "gem_class": {
                "key": "light_weapon",
                "types": [
                    "apotheosis:melee_weapon",
                    "apotheosis:trident"
                ]
            },
            "modifiers": [
                {
                    "attribute": "apothic_attributes:prot_shred",
                    "operation": "add_value",
                    "values": {
                        "normal": 0.3,
                        "flawless": 0.55,
                        "perfect": 0.75
                    }
                },
                {
                    "attribute": "apothic_attributes:armor_shred",
                    "operation": "add_multiplied_base",
                    "values": {
                        "normal": -0.2,
                        "flawless": -0.35,
                        "perfect": -0.55
                    }
                }
            ]
        },
        {
            "type": "apotheosis:mageslayer",
            "gem_class": "apotheosis:helmet",
            "values": {
                "normal": 0.15,
                "flawless": 0.225,
                "perfect": 0.35
            }
        },
        {
            "type": "apotheosis:mob_effect",
            "gem_class": "apotheosis:shield",
            "mob_effect": "minecraft:resistance",
            "target": "block_self",
            "values": {
                "normal": {
                    "duration": 50.0,
                    "amplifier": 0,
                    "cooldown": 400
                },
                "flawless": {
                    "duration": 75.0,
                    "amplifier": 0,
                    "cooldown": 400
                },
                "perfect": {
                    "duration": 75.0,
                    "amplifier": 1,
                    "cooldown": 400
                }
            }
        }
    ]
}