{
    "neoforge:conditions": [
        {
            "type": "neoforge:mod_loaded",
            "modid": "malum"
        },
        {
            "type": "neoforge:mod_loaded",
            "modid": "ancientreforging"
        }
    ],
    "type": "apothic_compats:staff_cleaving",
    "definition": {
        "affix_type": "ability",
        "exclusive_set": [],
        "weights": {
            "quality": 0.1,
            "weight": 25
        }
    },
    "values": {
        "ancientreforging:ancient": {
            "chance": {
                "min": 0.2,
                "max": 0.250,
                "step": 0.0125
            },
            "targets": {
                "min": 0.750,
                "max": 1.50,
                "step": 0.250
            }
        }
    }
}