{
    "id": "cobblemon:jackalune",
    "speciesId": "cobblemon:jackalune",
    "displayAspects": [],
    "conditionAspects": [],
    "forms": [
    {
      "displayForm": "Normal",
      "unlockForms": [
        "Normal"
      ]
    },
    {
      "displayForm": "Peach-Mochi",
      "unlockForms": [
        "Peach-Mochi"
      ]
    },
    {
      "displayForm": "Matcha-Mochi",
      "unlockForms": [
        "Matcha-Mochi"
      ]
    },
    {
      "displayForm": "Choco-Mochi",
      "unlockForms": [
        "Choco-Mochi"
      ]
    },
    {
      "displayForm": "Mango-Mochi",
      "unlockForms": [
        "Mango-Mochi"
      ]
    },
    {
      "displayForm": "Taro-Mochi",
      "unlockForms": [
        "Taro-Mochi"
      ]
    },
    {
      "displayForm": "Sakura-Mochi",
      "unlockForms": [
        "Sakura-Mochi"
      ]
    },
    {
      "displayForm": "Soda-Mochi",
      "unlockForms": [
        "Soda-Mochi"
      ]
    }
  ],

    "variations": []

  }
  