{
    "id": "cobblemon:woofloo",
    "speciesId": "cobblemon:woofloo",
    "displayAspects": [],
    "conditionAspects": [],
    "forms": [
      {
        "displayForm": "Normal",
        "unlockForms": [
          "Normal"
        ]
      }
    ],
  "variations": [
    {
      "displayName": "cobblemon.pokedex.variation.color",
      "icon": "cobblemon:textures/gui/pokedex/variation/color.png",
      "aspects": [
        "color-none",
        "color-white",
        "color-light_gray",
        "color-gray",
        "color-black",
        "color-brown",
        "color-red",
        "color-orange",
        "color-yellow",
        "color-lime",
        "color-green",
        "color-cyan",
        "color-light_blue",
        "color-blue",
        "color-purple",
        "color-magenta",
        "color-pink"
      ]
    }
  ]
}
