{
    "type": "apotheosis:gem",
    "constraints": {
        "dimensions": [
            "minecraft:overworld"
        ]
    },
    "min_purity": "flawed",
    "unique": true,
    "weights": {
        "frontier": {
            "quality": 2.0,
            "weight": 50
        },
        "ascent": {
            "quality": 2.0,
            "weight": 50
        },
        "summit": {
            "quality": 2.0,
            "weight": 50
        },
        "pinnacle": {
            "quality": 2.0,
            "weight": 50
        }
    },
    "bonuses": [
        {
            "type": "apotheosis:enchantment",
            "enchantment": "minecraft:sharpness",
            "gem_class": {
                "key": "light_weapon",
                "types": [
                    "apotheosis:melee_weapon",
                    "apotheosis:trident"
                ]
            },
            "mode": "existing",
            "values": {
                "flawed": 1,
                "normal": 2,
                "flawless": 3,
                "perfect": 4
            }
        },
        {
            "type": "apotheosis:enchantment",
            "enchantment": "minecraft:protection",
            "gem_class": {
                "key": "core_armor",
                "types": [
                    "apotheosis:chestplate",
                    "apotheosis:leggings"
                ]
            },
            "mode": "existing",
            "values": {
                "flawed": 1,
                "normal": 2,
                "flawless": 3,
                "perfect": 4
            }
        },
        {
            "type": "apotheosis:enchantment",
            "enchantment": "minecraft:fortune",
            "gem_class": "apotheosis:breaker",
            "mode": "existing",
            "values": {
                "flawed": 1,
                "normal": 2,
                "flawless": 3,
                "perfect": 4
            }
        }
    ]
}