{
    "type": "apotheosis:attribute",
    "attribute": "apothic_attributes:mining_speed",
    "categories": [
        "apotheosis:breaker",
        "apotheosis:shears"
    ],
    "definition": {
        "affix_type": "stat",
        "exclusive_set": [],
        "weights": {
            "quality": 0.1,
            "weight": 25
        }
    },
    "operation": "add_multiplied_total",
    "values": {
        "apotheosis:common": {
            "min": 0.0375,
            "max": 0.075
        },
        "apotheosis:uncommon": {
            "min": 0.0375,
            "max": 0.075
        },
        "apotheosis:rare": {
            "min": 0.0625,
            "max": 0.125
        },
        "apotheosis:epic": {
            "min": 0.0625,
            "max": 0.175
        },
        "apotheosis:mythic": {
            "min": 0.1375,
            "max": 0.2125
        }
    }
}