{
    "type": "apotheosis:gem",
    "weights": {
        "quality": 0.1,
        "weight": 100
    },
    "bonuses": [
        {
            "type": "apotheosis:attribute",
            "attribute": "minecraft:generic.attack_speed",
            "gem_class": {
                "key": "light_weapon",
                "types": [
                    "apotheosis:melee_weapon",
                    "apotheosis:trident"
                ]
            },
            "operation": "add_multiplied_base",
            "values": {
                "cracked": 0.1,
                "chipped": 0.15,
                "flawed": 0.2,
                "normal": 0.3,
                "flawless": 0.35,
                "perfect": 0.5
            }
        },
        {
            "type": "apotheosis:attribute",
            "attribute": "minecraft:generic.max_health",
            "gem_class": {
                "key": "core_armor",
                "types": [
                    "apotheosis:chestplate",
                    "apotheosis:leggings"
                ]
            },
            "operation": "add_value",
            "values": {
                "cracked": 1.0,
                "chipped": 2.0,
                "flawed": 4.0,
                "normal": 6.0,
                "flawless": 8.0,
                "perfect": 12.0
            }
        },
        {
            "type": "apotheosis:attribute",
            "attribute": "minecraft:generic.max_health",
            "gem_class": "apotheosis:shield",
            "operation": "add_multiplied_total",
            "values": {
                "cracked": 0.05,
                "chipped": 0.1,
                "flawed": 0.15,
                "normal": 0.2,
                "flawless": 0.25,
                "perfect": 0.3
            }
        }
    ]
}