{
    "type": "apotheosis:gem",
    "unique": true,
    "weights": {
        "quality": 0.1,
        "weight": 100
    },
    "bonuses": [
        {
            "type": "apotheosis:attribute",
            "attribute": "apothic_attributes:arrow_damage",
            "gem_class": {
                "key": "ranged_weapon",
                "types": [
                    "apotheosis:bow",
                    "apotheosis:trident"
                ]
            },
            "operation": "add_multiplied_base",
            "values": {
                "cracked": 0.05,
                "chipped": 0.15,
                "flawed": 0.2,
                "normal": 0.3,
                "flawless": 0.4,
                "perfect": 0.55
            }
        },
        {
            "type": "apotheosis:damage_reduction",
            "damage_type": "physical",
            "gem_class": {
                "key": "core_armor",
                "types": [
                    "apotheosis:chestplate",
                    "apotheosis:leggings"
                ]
            },
            "values": {
                "cracked": 0.05,
                "chipped": 0.075,
                "flawed": 0.125,
                "normal": 0.175,
                "flawless": 0.225,
                "perfect": 0.275
            }
        },
        {
            "type": "apotheosis:durability",
            "gem_class": "apotheosis:melee_weapon",
            "values": {
                "cracked": 0.05,
                "chipped": 0.1,
                "flawed": 0.15,
                "normal": 0.225,
                "flawless": 0.3,
                "perfect": 0.4
            }
        }
    ]
}