{
    "type": "apotheosis:gem",
    "weights": {
        "quality": 0.1,
        "weight": 100
    },
    "bonuses": [
        {
            "type": "apotheosis:attribute",
            "attribute": "apothic_attributes:arrow_velocity",
            "gem_class": "apotheosis:bow",
            "operation": "add_multiplied_base",
            "values": {
                "cracked": 0.05,
                "chipped": 0.15,
                "flawed": 0.25,
                "normal": 0.35,
                "flawless": 0.425,
                "perfect": 0.55
            }
        },
        {
            "type": "apotheosis:attribute",
            "attribute": "apothic_attributes:mining_speed",
            "gem_class": "apotheosis:breaker",
            "operation": "add_value",
            "values": {
                "cracked": 0.05,
                "chipped": 0.15,
                "flawed": 0.25,
                "normal": 0.35,
                "flawless": 0.425,
                "perfect": 0.5
            }
        },
        {
            "type": "apotheosis:attribute",
            "attribute": "minecraft:generic.movement_speed",
            "gem_class": {
                "key": "lower_armor",
                "types": [
                    "apotheosis:leggings",
                    "apotheosis:boots"
                ]
            },
            "operation": "add_multiplied_total",
            "values": {
                "cracked": 0.1,
                "chipped": 0.225,
                "flawed": 0.375,
                "normal": 0.45,
                "flawless": 0.55,
                "perfect": 0.7
            }
        }
    ]
}