{
    "type": "apotheosis:gem",
    "weights": {
        "quality": 0.1,
        "weight": 100
    },
    "bonuses": [
        {
            "type": "apotheosis:attribute",
            "attribute": "minecraft:generic.luck",
            "gem_class": {
                "key": "armor",
                "types": [
                    "apotheosis:helmet",
                    "apotheosis:chestplate",
                    "apotheosis:leggings",
                    "apotheosis:boots"
                ]
            },
            "operation": "add_value",
            "values": {
                "cracked": 0.5,
                "chipped": 1.25,
                "flawed": 2.0,
                "normal": 2.25,
                "flawless": 3.5,
                "perfect": 5.0
            }
        },
        {
            "type": "apotheosis:attribute",
            "attribute": "apothic_attributes:experience_gained",
            "gem_class": {
                "key": "weapon_or_tool",
                "types": [
                    "apotheosis:melee_weapon",
                    "apotheosis:trident",
                    "apotheosis:bow",
                    "apotheosis:breaker"
                ]
            },
            "operation": "add_multiplied_base",
            "values": {
                "cracked": 0.075,
                "chipped": 0.15,
                "flawed": 0.225,
                "normal": 0.3,
                "flawless": 0.4,
                "perfect": 0.6
            }
        }
    ]
}