{
    "neoforge:conditions": [
        {
            "type": "neoforge:mod_loaded",
            "modid": "malum"
        }
    ],
    "type": "apotheosis:attribute",
    "attribute": "apothic_attributes:overheal",
    "categories": [
        "apothic_compats:scythe"
    ],
    "definition": {
        "affix_type": "stat",
        "exclusive_set": [
            "apothic_compats:scythe/attribute/vampiric"
        ],
        "weights": {
            "quality": 0.1,
            "weight": 25
        }
    },
    "operation": "add_value",
    "values": {
        "apotheosis:common": {
            "min": 0.025,
            "max": 0.05
        },
        "apotheosis:uncommon": {
            "min": 0.025,
            "max": 0.05
        },
        "apotheosis:rare": {
            "min": 0.0375,
            "max": 0.0625
        },
        "apotheosis:epic": {
            "min": 0.0375,
            "max": 0.075
        },
        "apotheosis:mythic": {
            "min": 0.05,
            "max": 0.1125
        }
    }
}