{
    "neoforge:conditions": [
        {
            "type": "neoforge:mod_loaded",
            "modid": "malum"
        }
    ],
    "type": "apotheosis:enchantment",
    "categories": [
        "apothic_compats:staff"
    ],
    "definition": {
        "affix_type": "ability",
        "exclusive_set": [],
        "weights": {
            "quality": 0.1,
            "weight": 25
        }
    },
    "enchantment": "minecraft:looting",
    "values": {
        "apotheosis:epic": {
            "min": 1.0,
            "max": 1.0,
            "step": 1
        },
        "apotheosis:mythic": {
            "min": 1.0,
            "max": 1.0,
            "step": 1
        }
    }
}