{
    "type": "apotheosis:mob_effect",
    "definition": {
        "affix_type": "basic_effect",
        "exclusive_set": [
            "apotheosis:shield/mob_effect/reinforcing"
        ],
        "weights": {
            "pinnacle": {
                "quality": 0.75,
                "weight": 20
            }
        }
    },
    "mob_effect": "minecraft:resistance",
    "stack_on_reapply": true,
    "stacking_limit": 3,
    "target": "block_self",
    "types": [
        "apotheosis:shield"
    ],
    "values": {
        "apotheosis:mythic": {
            "duration": {
                "min": 25.00,
                "max": 40.00,
                "step": 5.00
            },
            "amplifier": {
                "min": 0.000,
                "max": 0.250,
                "step": 0.03125
            },
            "cooldown": 80
        }
    }
}