{
    "type": "apotheosis:mob_effect",
    "definition": {
        "affix_type": "basic_effect",
        "exclusive_set": [],
        "weights": {
            "quality": 0.1,
            "weight": 25
        }
    },
    "mob_effect": "minecraft:wither",
    "target": "block_attacker",
    "types": [
        "apotheosis:shield"
    ],
    "values": {
        "apotheosis:epic": {
            "duration": {
                "min": 10.00,
                "max": 25.00,
                "step": 5.00
            },
            "amplifier": {
                "min": 0.000,
                "max": 0.250,
                "step": 0.125
            }
        },
        "apotheosis:mythic": {
            "duration": {
                "min": 15.00,
                "max": 40.00,
                "step": 5.00
            },
            "amplifier": {
                "min": 0.000,
                "max": 0.50,
                "step": 0.0625
            }
        }
    }
}