{
    "neoforge:conditions": [
        {
            "type": "neoforge:mod_loaded",
            "modid": "aether"
        },
        {
            "type": "neoforge:mod_loaded",
            "modid": "ancientreforging"
        }
    ],
    "type": "apothic_compats:magical_dart",
    "definition": {
        "affix_type": "ability",
        "exclusive_set": [],
        "weights": {
            "quality": 0.1,
            "weight": 25
        }
    },
    "rarities": [
        "ancientreforging:ancient"
    ]
}