{
    "species": "cobblemon:turtwig",
    "order": 1,
    "variations": [
        {
            "aspects": ["dawnian"],
            "poser": "cobblemon:turtwig_dawnian",
            "model": "cobblemon:turtwig_dawnian.geo",
            "texture": "cobblemon:textures/pokemon/0387_turtwig/turtwig_dawnian.png",
            "layers": []
        },
        {
            "aspects": ["dawnian", "shiny"],
            "texture": "cobblemon:textures/pokemon/0387_turtwig/turtwig_dawnian_shiny.png"
        }
    ]
}