{
    "neoforge:conditions": [
        {
            "type": "neoforge:mod_loaded",
            "modid": "ars_nouveau"
        },
        {
            "type": "neoforge:mod_loaded",
            "modid": "ancientreforging"
        }
    ],
    "type": "apotheosis:mob_effect",
    "definition": {
        "affix_type": "basic_effect",
        "exclusive_set": [],
        "weights": {
            "quality": 0.1,
            "weight": 25
        }
    },
    "mob_effect": "ars_nouveau:shocked",
    "stack_on_reapply": true,
    "stacking_limit": 3,
    "target": "attack_target",
    "types": [
        "apotheosis:melee_weapon",
        "apotheosis:trident"
    ],
    "values": {
        "ancientreforging:ancient": {
            "duration": {
                "min": 50.00,
                "max": 90.00,
                "step": 5.00
            },
            "amplifier": {
                "min": 0.250,
                "max": 0.50,
                "step": 0.03125
            },
            "cooldown": 80
        }
    }
}