{
    "neoforge:conditions": [
        {
            "type": "neoforge:mod_loaded",
            "modid": "malum"
        }
    ],
    "type": "apotheosis:gem",
    "constraints": {
        "dimensions": [
            "minecraft:overworld"
        ]
    },
    "weights": {
        "ascent": {
            "quality": 0.1,
            "weight": 100
        },
        "summit": {
            "quality": 0.1,
            "weight": 100
        },
        "pinnacle": {
            "quality": 0.1,
            "weight": 100
        }
    },
    "bonuses": [
        {
            "type": "apotheosis:attribute",
            "attribute": "apothic_attributes:life_steal",
            "gem_class": {
                "key": "malum_weapon",
                "types": [
                    "apothic_compats:scythe",
                    "apothic_compats:staff"
                ]
            },
            "operation": "add_multiplied_base",
            "values": {
                "cracked": 0.05,
                "chipped": 0.1,
                "flawed": 0.15,
                "normal": 0.2,
                "flawless": 0.25,
                "perfect": 0.3
            }
        },
        {
            "type": "apotheosis:attribute",
            "attribute": "malum:charge_capacity",
            "gem_class": "apotheosis:helmet",
            "operation": "add_value",
            "values": {
                "cracked": 1.0,
                "chipped": 2.0,
                "flawed": 3.0,
                "normal": 4.0,
                "flawless": 5.0,
                "perfect": 6.0
            }
        },
        {
            "type": "apotheosis:mob_effect",
            "gem_class": {
                "key": "light_weapon",
                "types": [
                    "apotheosis:melee_weapon",
                    "apotheosis:trident"
                ]
            },
            "mob_effect": "malum:echoing_arcana",
            "target": "attack_self",
            "values": {
                "cracked": {
                    "duration": 10.0,
                    "amplifier": 0
                },
                "chipped": {
                    "duration": 15.0,
                    "amplifier": 0
                },
                "flawed": {
                    "duration": 20.0,
                    "amplifier": 1
                },
                "normal": {
                    "duration": 25.0,
                    "amplifier": 1
                },
                "flawless": {
                    "duration": 30.0,
                    "amplifier": 2
                },
                "perfect": {
                    "duration": 35.0,
                    "amplifier": 2
                }
            }
        },
        {
            "type": "apotheosis:multi_attribute",
            "desc": "bonus.apotheosis:multi_attr.desc.and",
            "gem_class": {
                "key": "core_armor",
                "types": [
                    "apotheosis:chestplate",
                    "apotheosis:leggings"
                ]
            },
            "modifiers": [
                {
                    "attribute": "malum:soul_ward_recovery_rate",
                    "operation": "add_multiplied_base",
                    "values": {
                        "normal": 0.4,
                        "flawless": 0.5,
                        "perfect": 0.6
                    }
                },
                {
                    "attribute": "malum:soul_ward_capacity",
                    "operation": "add_value",
                    "values": {
                        "normal": -3.0,
                        "flawless": -6.0,
                        "perfect": -9.0
                    }
                }
            ]
        }
    ]
}