{
    "id": "cobblemon:smolcremie",
    "speciesId": "cobblemon:smolcremie",
    "displayAspects": [],
    "conditionAspects": [],
    "forms": [
    {
      "displayForm": "Normal",
      "unlockForms": [
        "Normal"
      ]
    },
    {
      "displayForm": "Ruby-Cream",
      "unlockForms": [
        "Ruby-Cream"
      ]
    },
    {
      "displayForm": "Matcha-Cream",
      "unlockForms": [
        "Matcha-Cream"
      ]
    },
    {
      "displayForm": "Mint-Cream",
      "unlockForms": [
        "Mint-Cream"
      ]
    },
    {
      "displayForm": "Lemon-Cream",
      "unlockForms": [
        "Lemon-Cream"
      ]
    },
    {
      "displayForm": "Salted-Cream",
      "unlockForms": [
        "Salted-Cream"
      ]
    },
    {
      "displayForm": "Ruby-Swirl",
      "unlockForms": [
        "Ruby-Swirl"
      ]
    },
    {
      "displayForm": "Caramel-Swirl",
      "unlockForms": [
        "Caramel-Swirl"
      ]
    },
    {
      "displayForm": "Rainbow-Swirl",
      "unlockForms": [
        "Rainbow-Swirl"
      ]
    }
    ],
    "variations": []
  }