{
    "type": "apotheosis:gem",
    "weights": {
        "quality": 0.1,
        "weight": 100
    },
    "bonuses": [
        {
            "type": "apotheosis:attribute",
            "attribute": "apothic_attributes:crit_damage",
            "gem_class": {
                "key": "weapons",
                "types": [
                    "apotheosis:melee_weapon",
                    "apotheosis:bow"
                ]
            },
            "operation": "add_multiplied_base",
            "values": {
                "cracked": 0.1,
                "chipped": 0.2,
                "flawed": 0.35,
                "normal": 0.45,
                "flawless": 0.55,
                "perfect": 0.7
            }
        },
        {
            "type": "apotheosis:attribute",
            "attribute": "minecraft:generic.max_health",
            "gem_class": "apotheosis:chestplate",
            "operation": "add_multiplied_base",
            "values": {
                "cracked": 0.05,
                "chipped": 0.1,
                "flawed": 0.15,
                "normal": 0.2,
                "flawless": 0.25,
                "perfect": 0.35
            }
        },
        {
            "type": "apotheosis:attribute",
            "attribute": "minecraft:generic.attack_damage",
            "gem_class": "apotheosis:helmet",
            "operation": "add_multiplied_total",
            "values": {
                "cracked": 0.05,
                "chipped": 0.1,
                "flawed": 0.125,
                "normal": 0.15,
                "flawless": 0.175,
                "perfect": 0.225
            }
        },
        {
            "type": "apotheosis:mob_effect",
            "gem_class": "apotheosis:trident",
            "mob_effect": "minecraft:strength",
            "stack_on_reapply": true,
            "stacking_limit": 5,
            "target": "arrow_self",
            "values": {
                "flawless": {
                    "duration": 50.0,
                    "amplifier": 0,
                    "cooldown": 40
                },
                "perfect": {
                    "duration": 50.0,
                    "amplifier": 1,
                    "cooldown": 40
                }
            }
        }
    ]
}