{
    "type": "apotheosis:attribute",
    "attribute": "minecraft:generic.attack_knockback",
    "categories": [
        "apotheosis:melee_weapon"
    ],
    "definition": {
        "affix_type": "stat",
        "exclusive_set": [],
        "weights": {
            "quality": 0.1,
            "weight": 25
        }
    },
    "operation": "add_value",
    "values": {
        "apotheosis:common": {
            "min": 0.125,
            "max": 0.250,
            "step": 0.0625
        },
        "apotheosis:uncommon": {
            "min": 0.125,
            "max": 0.375,
            "step": 0.0625
        },
        "apotheosis:rare": {
            "min": 0.1875,
            "max": 0.625,
            "step": 0.0625
        },
        "apotheosis:epic": {
            "min": 0.250,
            "max": 0.625,
            "step": 0.0625
        },
        "apotheosis:mythic": {
            "min": 0.375,
            "max": 0.750,
            "step": 0.0625
        }
    }
}