{
    "type": "apotheosis:attribute",
    "attribute": "minecraft:generic.attack_damage",
    "categories": [
        "apotheosis:melee_weapon",
        "apotheosis:trident"
    ],
    "definition": {
        "affix_type": "stat",
        "exclusive_set": [],
        "weights": {
            "quality": 0.1,
            "weight": 25
        }
    },
    "operation": "add_value",
    "values": {
        "apotheosis:common": {
            "min": 0.50,
            "max": 0.750,
            "step": 0.0625
        },
        "apotheosis:uncommon": {
            "min": 0.50,
            "max": 0.750,
            "step": 0.0625
        },
        "apotheosis:rare": {
            "min": 0.750,
            "max": 1.250,
            "step": 0.0625
        },
        "apotheosis:epic": {
            "min": 1.00,
            "max": 1.50,
            "step": 0.0625
        },
        "apotheosis:mythic": {
            "min": 1.250,
            "max": 2.00,
            "step": 0.0625
        }
    }
}