{
    "type": "apotheosis:attribute",
    "attribute": "apothic_attributes:crit_damage",
    "categories": [
        "apotheosis:melee_weapon",
        "apotheosis:trident",
        "apotheosis:bow"
    ],
    "definition": {
        "affix_type": "stat",
        "exclusive_set": [],
        "weights": {
            "quality": 0.1,
            "weight": 25
        }
    },
    "operation": "add_value",
    "values": {
        "apotheosis:common": {
            "min": 0.025,
            "max": 0.05
        },
        "apotheosis:uncommon": {
            "min": 0.025,
            "max": 0.05
        },
        "apotheosis:rare": {
            "min": 0.0375,
            "max": 0.0625
        },
        "apotheosis:epic": {
            "min": 0.0375,
            "max": 0.0625
        },
        "apotheosis:mythic": {
            "min": 0.0625,
            "max": 0.1
        }
    }
}