{
    "type": "apotheosis:attribute",
    "attribute": "apothic_attributes:life_steal",
    "categories": [
        "apotheosis:melee_weapon",
        "apotheosis:trident"
    ],
    "definition": {
        "affix_type": "stat",
        "exclusive_set": [
            "apotheosis:melee/attribute/berserking"
        ],
        "weights": {
            "quality": 0.1,
            "weight": 25
        }
    },
    "operation": "add_value",
    "values": {
        "apotheosis:common": {
            "min": 0.0125,
            "max": 0.02
        },
        "apotheosis:uncommon": {
            "min": 0.0125,
            "max": 0.02
        },
        "apotheosis:rare": {
            "min": 0.0125,
            "max": 0.025
        },
        "apotheosis:epic": {
            "min": 0.02,
            "max": 0.0325
        },
        "apotheosis:mythic": {
            "min": 0.025,
            "max": 0.0375
        }
    }
}