{
	"format_version": "1.8.0",
	"animations": {
		"animation.grotle_dawnian.ground_idle": {
			"loop": true,
			"bones": {
				"torso": {
					"rotation": [
						"0+math.sin(q.anim_time*90*1)*0.5+math.sin(q.anim_time*90*10+90)*-0.5",
						"0-math.sin(q.anim_time*90*1)*1-math.sin(query.anim_time*90*30-140)*0.2",
						"0-math.cos(q.anim_time*90*1)*1"
					],
					"position": [0, "math.sin(q.anim_time*90*2)*0.2", "math.sin(q.anim_time*90*2)*-0.2+0.2"]
				},
				"head": {
					"rotation": ["0+math.sin(q.anim_time*90*10-30)*-1.2", "0+math.sin(q.anim_time*90*5-50)*-1", "0+math.sin(q.anim_time*90*2.5-50)*-2"]
				},
				"tail": {
					"rotation": ["2+math.sin(q.anim_time*90*2-60)*1", "-math.sin(q.anim_time*90*1-30)*3", 0]
				},
				"tail2": {
					"rotation": ["-10+math.sin(q.anim_time*90*2-90)*2", "-math.sin(q.anim_time*90*1-60)*4", 0]
				},
				"tail3": {
					"rotation": ["-7.5+math.sin(q.anim_time*90*2-120)*2", "-math.sin(q.anim_time*90*1-90)*6", 0]
				},
				"leg_front_left": {
					"rotation": ["math.sin(q.anim_time*90*2)*4-4", 0, 0],
					"position": [0, "math.sin(q.anim_time*90*2)*0.05-0.05", "math.sin(q.anim_time*90*2)*-0.3+0.3"]
				},
				"foot_front_left": {
					"rotation": ["math.sin(q.anim_time*90*2)*-4+4", 0, 0],
					"position": [0, "math.sin(q.anim_time*90*2)*0.05+0.05", 0]
				},
				"leg_front_right": {
					"rotation": ["math.sin(q.anim_time*90*2)*4-4", 0, 0],
					"position": [0, "math.sin(q.anim_time*90*2)*0.05-0.05", "math.sin(q.anim_time*90*2)*-0.3+0.3"]
				},
				"foot_front_right": {
					"rotation": ["math.sin(q.anim_time*90*2)*-4+4", 0, 0],
					"position": [0, "math.sin(q.anim_time*90*2)*0.05+0.05", 0]
				},
				"leg_back_right": {
					"rotation": ["math.sin(q.anim_time*90*2)*4-4", 0, 0],
					"position": [0, "math.sin(q.anim_time*90*2)*0.05-0.05", "math.sin(q.anim_time*90*2)*-0.3"]
				},
				"foot_back_right": {
					"rotation": ["math.sin(q.anim_time*90*2)*-4+4", 0, 0],
					"position": [0, "math.sin(q.anim_time*90*2)*0.05+0.05", 0]
				},
				"leg_back_left": {
					"rotation": ["math.sin(q.anim_time*90*2)*4-4", 0, 0],
					"position": [0, "math.sin(q.anim_time*90*2)*0.05-0.05", "math.sin(q.anim_time*90*2)*-0.3"]
				},
				"foot_back_left": {
					"rotation": ["math.sin(q.anim_time*90*2)*-4+4", 0, 0],
					"position": [0, "math.sin(q.anim_time*90*2)*0.05+0.05", 0]
				},
				"tongue2": {
					"rotation": ["0+math.sin(q.anim_time*90*10-90)*-2", 0, 0]
				},
				"tongue3": {
					"rotation": ["0+math.sin(q.anim_time*90*10-180)*-4", 0, 0]
				},
				"speaker2": {
					"scale": ["1-math.sin(query.anim_time*90*15)*0.05", "1-math.sin(query.anim_time*90*15-80)*0.025", "1-math.sin(query.anim_time*90*15-140)*0.025"]
				},
				"speaker": {
					"scale": ["1-math.sin(query.anim_time*90*15)*0.05", "1-math.sin(query.anim_time*90*15-80)*0.025", "1-math.sin(query.anim_time*90*15-140)*0.025"]
				}
			}
		},
		"animation.grotle_dawnian.battle_idle": {
			"loop": true,
			"bones": {
				"torso": {
					"rotation": [
						"0+math.sin(q.anim_time*90*1)*0.5+math.sin(q.anim_time*90*10+90)*-0.5",
						"0-math.sin(q.anim_time*90*1)*1-math.sin(query.anim_time*90*30-140)*0.2",
						"0-math.cos(q.anim_time*90*1)*1"
					],
					"position": [0, "math.sin(q.anim_time*90*2)*0.2", "math.sin(q.anim_time*90*2)*-0.2+0.2"]
				},
				"head": {
					"rotation": ["-7.5+math.sin(q.anim_time*90*10-30)*-1.2", "0+math.sin(q.anim_time*90*5-50)*-1", "0+math.sin(q.anim_time*90*2.5-50)*-2"]
				},
				"tail": {
					"rotation": ["2+math.sin(q.anim_time*90*2-60)*1", "-math.sin(q.anim_time*90*3-30)*3", 0]
				},
				"tail2": {
					"rotation": ["-10+math.sin(q.anim_time*90*2-90)*2", "-math.sin(q.anim_time*90*3-60)*4", 0]
				},
				"tail3": {
					"rotation": ["-7.5+math.sin(q.anim_time*90*2-120)*2", "-math.sin(q.anim_time*90*3-90)*6", 0]
				},
				"leg_front_left": {
					"rotation": ["math.sin(q.anim_time*90*2)*4-4.0344", -7.48163, 0.52617],
					"position": [0, "math.sin(q.anim_time*90*2)*0.05-0.05", "math.sin(q.anim_time*90*2)*-0.3+0.3"]
				},
				"foot_front_left": {
					"rotation": ["math.sin(q.anim_time*90*2)*-4+4", 0, 0],
					"position": [0, "math.sin(q.anim_time*90*2)*0.05+0.05", 0]
				},
				"leg_front_right": {
					"rotation": ["math.sin(q.anim_time*90*2)*4-4.0344", 7.48163, -0.52617],
					"position": [0, "math.sin(q.anim_time*90*2)*0.05-0.05", "math.sin(q.anim_time*90*2)*-0.3+0.3"]
				},
				"foot_front_right": {
					"rotation": ["math.sin(q.anim_time*90*2)*-4+4", 0, 0],
					"position": [0, "math.sin(q.anim_time*90*2)*0.05+0.05", 0]
				},
				"leg_back_right": {
					"rotation": ["math.sin(q.anim_time*90*2)*4-4", 0, 0],
					"position": [0, "math.sin(q.anim_time*90*2)*0.05-0.05", "math.sin(q.anim_time*90*2)*-0.3"]
				},
				"foot_back_right": {
					"rotation": ["math.sin(q.anim_time*90*2)*-4+4", 0, 0],
					"position": [0, "math.sin(q.anim_time*90*2)*0.05+0.05", 0]
				},
				"jaw": {
					"rotation": ["42.5+math.cos(q.anim_time*90*2)*4", 0, 0]
				},
				"tongue": {
					"rotation": [-12.5, 0, 0]
				},
				"tongue2": {
					"rotation": ["0+math.sin(q.anim_time*90*10-90)*-2", 0, 0]
				},
				"tongue3": {
					"rotation": ["0+math.sin(q.anim_time*90*10-180)*-4", 0, 0]
				},
				"speaker": {
					"scale": ["1-math.sin(query.anim_time*90*15)*0.05", "1-math.sin(query.anim_time*90*15-80)*0.025", "1-math.sin(query.anim_time*90*15-140)*0.025"]
				},
				"speaker2": {
					"scale": ["1-math.sin(query.anim_time*90*15)*0.05", "1-math.sin(query.anim_time*90*15-80)*0.025", "1-math.sin(query.anim_time*90*15-140)*0.025"]
				}
			}
		},
		"animation.grotle_dawnian.ground_walk": {
			"loop": true,
			"animation_length": 1.3333,
			"bones": {
				"body": {
					"position": {
						"0.0": [0, -0.1, 0],
						"0.25": [0, -0.1, 0],
						"0.2917": [0, -0.2, 0],
						"0.375": [0, -0.1, 0],
						"0.5": [0, -0.1, 0],
						"0.5417": [0, -0.1, 0],
						"0.625": [0, -0.1, 0],
						"0.9167": [0, -0.1, 0],
						"0.9583": [0, -0.2, 0],
						"1.0417": [0, -0.1, 0],
						"1.1667": [0, -0.1, 0],
						"1.2083": [0, -0.1, 0],
						"1.2917": [0, -0.1, 0]
					}
				},
				"leg_front_left": {
					"rotation": ["6-math.sin(q.anim_time*90*3-180)*15", "0+math.sin(q.anim_time*90*3-180)*6", -10],
					"position": ["0.3+math.cos(q.anim_time*90*3-180)*-0.3", "-0.2+math.clamp(math.cos(q.anim_time*90*3-180)*1,0,2)", "-math.sin(q.anim_time*90*3-180)*0.5"]
				},
				"foot_front_left": {
					"rotation": {
						"0.0": ["-7+math.clamp(math.sin(q.anim_time*90*3-90)*20,0,20)+math.clamp(math.sin(q.anim_time*90*3+90)*1 ,0,20)", 0, 10],
						"0.25": [-5.29289, 0, 10],
						"0.3333": ["0+math.clamp(math.sin(q.anim_time*90*3-90)*20,0,20)+math.clamp(math.sin(q.anim_time*90*3+90)*1 ,0,20)", 0, 10],
						"1.0": ["8+math.clamp(math.sin(q.anim_time*90*3-90)*20,0,20)+math.clamp(math.sin(q.anim_time*90*3+90)*1 ,0,20)", 0, 10],
						"1.1667": ["2+math.clamp(math.sin(q.anim_time*90*3-90)*20,0,20)+math.clamp(math.sin(q.anim_time*90*3+90)*1 ,0,20)", 0, 10],
						"1.3333": ["-7+math.clamp(math.sin(q.anim_time*90*3-90)*20,0,20)+math.clamp(math.sin(q.anim_time*90*3+90)*1 ,0,20)", 0, 10]
					},
					"position": {
						"0.0": [0, 0.1, 0],
						"0.25": [0, 0.5, 0],
						"0.4167": [0, 0.5, 0],
						"0.6667": [0, 0, 0],
						"1.3333": [0, 0.1, 0]
					}
				},
				"leg_front_right": {
					"rotation": ["6-math.sin(q.anim_time*90*3)*15", "0+math.sin(q.anim_time*90*3)*6", 10],
					"position": ["-0.3+math.cos(q.anim_time*90*3)*0.3", "-0.2+math.clamp(math.cos(q.anim_time*90*3)*1,0,2)", "-math.sin(q.anim_time*90*3)*0.5"]
				},
				"foot_front_right": {
					"rotation": {
						"0.0": ["math.clamp(math.sin(q.anim_time*90*3+90)*20,0,20)+math.clamp(math.sin(q.anim_time*90*3+270)*1 ,0,20)", 0, -10],
						"0.3333": ["8+math.clamp(math.sin(q.anim_time*90*3+90)*20,0,20)+math.clamp(math.sin(q.anim_time*90*3+270)*1 ,0,20)", 0, -10],
						"0.5": ["2+math.clamp(math.sin(q.anim_time*90*3+90)*20,0,20)+math.clamp(math.sin(q.anim_time*90*3+270)*1 ,0,20)", 0, -10],
						"0.6667": ["-7+math.clamp(math.sin(q.anim_time*90*3+90)*20,0,20)+math.clamp(math.sin(q.anim_time*90*3+270)*1 ,0,20)", 0, -10],
						"0.9167": [-5.29289, 0, -10],
						"1.0": ["0+math.clamp(math.sin(q.anim_time*90*3+90)*20,0,20)+math.clamp(math.sin(q.anim_time*90*3+270)*1 ,0,20)", 0, -10],
						"1.3333": ["math.clamp(math.sin(q.anim_time*90*3+90)*20,0,20)+math.clamp(math.sin(q.anim_time*90*3+270)*1 ,0,20)", 0, -10]
					},
					"position": {
						"0.0": [0, 0, 0],
						"0.6667": [0, 0.1, 0],
						"0.9167": [0, 0.5, 0],
						"1.0833": [0, 0.5, 0],
						"1.3333": [0, 0, 0]
					}
				},
				"leg_back_right": {
					"rotation": ["0-math.sin(q.anim_time*90*3-240)*6", "0-math.sin(q.anim_time*90*3-240)*6", 10],
					"position": ["0-math.cos(q.anim_time*90*3-240)*0.2", "-0.2+math.clamp(math.cos(q.anim_time*90*3-240)*1,0,2)", "0-math.sin(q.anim_time*90*3-240)*0.8"]
				},
				"foot_back_right": {
					"rotation": {
						"0.0": ["0+math.clamp(math.sin(q.anim_time*90*3-150)*15,0,20)-math.clamp(math.sin(q.anim_time*90*3+150)*2,-2,20)", 0, -10],
						"0.5": ["0+math.clamp(math.sin(q.anim_time*90*3-150)*15,0,20)-math.clamp(math.sin(q.anim_time*90*3+150)*2,-2,20)", 0, -10],
						"0.5833": ["2.5+math.clamp(math.sin(q.anim_time*90*3-150)*15,0,20)-math.clamp(math.sin(q.anim_time*90*3+150)*2,-2,20)", 0, -10],
						"0.9583": ["math.clamp(math.sin(q.anim_time*90*3-150)*15,0,20)-math.clamp(math.sin(q.anim_time*90*3+150)*2,-2,20)", 0, -10],
						"1.1667": ["-2.5+math.clamp(math.sin(q.anim_time*90*3-150)*15,0,20)-math.clamp(math.sin(q.anim_time*90*3+150)*2,-2,20)", 0, -10],
						"1.3333": ["0+math.clamp(math.sin(q.anim_time*90*3-150)*15,0,20)-math.clamp(math.sin(q.anim_time*90*3+150)*2,-2,20)", 0, -10]
					},
					"position": [0, 0.2, 0]
				},
				"leg_back_left": {
					"rotation": ["0-math.sin(q.anim_time*90*3-60)*6", "0+math.sin(q.anim_time*90*3-60)*6", -10],
					"position": ["0+math.cos(q.anim_time*90*3-60)*0.2", "-0.2+math.clamp(math.cos(q.anim_time*90*3-60)*1,0,2)", "0-math.sin(q.anim_time*90*3-60)*0.7"]
				},
				"foot_back_left": {
					"rotation": {
						"0.0": ["0+math.clamp(math.sin(q.anim_time*90*3+30)*15,0,20)-math.clamp(math.sin(q.anim_time*90*3+210)*2,-2,20)", 0, 10],
						"0.5": ["0+math.clamp(math.sin(q.anim_time*90*3+30)*15,0,20)-math.clamp(math.sin(q.anim_time*90*3+210)*2,-2,20)", 0, 10],
						"0.5833": ["2.5+math.clamp(math.sin(q.anim_time*90*3+30)*15,0,20)-math.clamp(math.sin(q.anim_time*90*3+210)*2,-2,20)", 0, 10],
						"0.9583": ["math.clamp(math.sin(q.anim_time*90*3+30)*15,0,20)-math.clamp(math.sin(q.anim_time*90*3+210)*2,-2,20)", 0, 10],
						"1.1667": ["-2.5+math.clamp(math.sin(q.anim_time*90*3+30)*15,0,20)-math.clamp(math.sin(q.anim_time*90*3+210)*2,-2,20)", 0, 10],
						"1.3333": ["0+math.clamp(math.sin(q.anim_time*90*3+30)*15,0,20)-math.clamp(math.sin(q.anim_time*90*3+210)*2,-2,20)", 0, 10]
					},
					"position": [0, 0.2, 0]
				},
				"torso": {
					"rotation": [
						"0+math.sin(q.anim_time*90*3*2)*1+math.sin(q.anim_time*90*10+90)*-0.5",
						"0-math.cos(q.anim_time*90*3)*3-math.sin(query.anim_time*90*30-140)*0.2",
						"0+math.sin(q.anim_time*90*3)*2"
					],
					"position": {
						"0.0": [0, "0+math.sin(q.anim_time*90*3*2)*0.4", 0],
						"0.2917": [0, "0+math.sin(q.anim_time*90*3*2)*0.4", 0],
						"0.3333": [0, "-0.4+math.sin(q.anim_time*90*3*2)*0.4", 0],
						"0.4167": [0, "0+math.sin(q.anim_time*90*3*2)*0.4", 0],
						"0.5417": [0, "0+math.sin(q.anim_time*90*3*2)*0.4", 0],
						"0.5833": [0, "-0.2+math.sin(q.anim_time*90*3*2)*0.4", 0],
						"0.6667": [0, "0+math.sin(q.anim_time*90*3*2)*0.4", 0],
						"0.9583": [0, "0+math.sin(q.anim_time*90*3*2)*0.4", 0],
						"1.0": [0, "-0.4+math.sin(q.anim_time*90*3*2)*0.4", 0],
						"1.0833": [0, "0+math.sin(q.anim_time*90*3*2)*0.4", 0],
						"1.2083": [0, "0+math.sin(q.anim_time*90*3*2)*0.4", 0],
						"1.25": [0, "-0.2+math.sin(q.anim_time*90*3*2)*0.4", 0],
						"1.3333": [0, "0+math.sin(q.anim_time*90*3*2)*0.4", 0]
					}
				},
				"head": {
					"rotation": ["3+math.sin(q.anim_time*90*10-10)*-1.2", "0-math.sin(q.anim_time*90*3+30)*-2", "0+math.sin(q.anim_time*90*3+30)*2"]
				},
				"tail": {
					"rotation": ["5+math.sin(q.anim_time*90*3*2-30)*1", "0+math.cos(q.anim_time*90*3-30)*-1", 0]
				},
				"tail2": {
					"rotation": ["-4+math.sin(q.anim_time*90*3*2-60)*2", "0+math.cos(q.anim_time*90*3-60)*-4", 0]
				},
				"tail3": {
					"rotation": ["0+math.sin(q.anim_time*90*3*2-90)*5", "0+math.cos(q.anim_time*90*3-90)*-4", 0]
				},
				"tongue2": {
					"rotation": ["0+math.sin(q.anim_time*90*10-90)*-2", 0, 0]
				},
				"tongue3": {
					"rotation": ["0+math.sin(q.anim_time*90*10-180)*-4", 0, 0]
				},
				"speaker": {
					"scale": ["1-math.sin(query.anim_time*90*15)*0.05", "1-math.sin(query.anim_time*90*15-80)*0.025", "1-math.sin(query.anim_time*90*15-140)*0.025"]
				},
				"speaker2": {
					"scale": ["1-math.sin(query.anim_time*90*15)*0.05", "1-math.sin(query.anim_time*90*15-80)*0.025", "1-math.sin(query.anim_time*90*15-140)*0.025"]
				}
			}
		},
		"animation.grotle_dawnian.sleep": {
			"loop": true,
			"bones": {
				"body": {
					"position": [0, -5, 0]
				},
				"head": {
					"rotation": ["10+math.sin(q.anim_time*90*0.7)*3", 0, "0-math.cos(q.anim_time*90*0.7)*1"]
				},
				"eyelid_left": {
					"position": [0.1, 0, 0]
				},
				"eyelid_right": {
					"position": [-0.1, 0, 0]
				},
				"tail": {
					"rotation": [-7.5, "0+math.cos(q.anim_time*90*0.7-30)*3", "0+math.sin(q.anim_time*90*0.7-40)*3"]
				},
				"tail2": {
					"rotation": [-7.5, "0+math.cos(q.anim_time*90*0.7-60)*3", "0+math.sin(q.anim_time*90*0.7-80)*3"]
				},
				"tail3": {
					"rotation": [-7.5, "0+math.cos(q.anim_time*90*0.7-90)*3", "0+math.sin(q.anim_time*90*0.7-120)*3"]
				},
				"leg_front_left": {
					"rotation": [-90, "-25-math.sin(q.anim_time*90*0.7)*2", 0]
				},
				"leg_front_right": {
					"rotation": [-90, "25+math.sin(q.anim_time*90*0.7)*2", 0]
				},
				"leg_back_right": {
					"rotation": [-90, "37.5+math.cos(q.anim_time*90*0.7)*2", 0]
				},
				"leg_back_left": {
					"rotation": [-90, "-37.5-math.cos(q.anim_time*90*0.7)*2", 0]
				},
				"torso": {
					"rotation": ["0+math.cos(q.anim_time*90*0.7)*1", "0-math.sin(query.anim_time*90*15-140)*0.1", "0+math.sin(q.anim_time*90*0.7)*1"],
					"position": [0, "0+math.sin(q.anim_time*90*0.7)*0.2", 0]
				},
				"tongue2": {
					"rotation": ["0+math.sin(q.anim_time*90*0.7-90)*-3", 0, 0]
				},
				"tongue3": {
					"rotation": ["0+math.sin(q.anim_time*90*0.7-180)*-8", 0, 0]
				},
				"speaker": {
					"scale": ["1-math.sin(query.anim_time*90*7)*0.025", "1-math.sin(query.anim_time*90*7-0)*0.01", "1-math.sin(query.anim_time*90*7-140)*0.01"]
				},
				"speaker2": {
					"scale": ["1-math.sin(query.anim_time*90*7)*0.025", "1-math.sin(query.anim_time*90*7-0)*0.01", "1-math.sin(query.anim_time*90*7-140)*0.01"]
				}
			}
		},
		"animation.grotle_dawnian.faint": {
			"loop": true,
			"animation_length": 3,
			"bones": {
				"torso": {
					"rotation": {
						"0.0": [0, 0, -1],
						"0.2083": [-1.00061, -1.9997, -1.96508],
						"0.5": [4.83593, -2.25689, 1.02548],
						"0.7917": [-6.34066, -2.70608, "6+math.sin(q.anim_time*90*15)*4"],
						"1.4583": [-7.34066, -2.70608, 6],
						"1.7083": [-5.34066, -2.70608, 6],
						"1.9167": [-8.34066, -2.70608, 6],
						"2.0": [-11.79807, -2.36782, 5.25],
						"2.25": [0, 0, 0]
					},
					"position": {
						"0.0": [0, 0, 0.2],
						"0.2083": [0, 0, 0.6],
						"0.5": [0, 0, 0.9],
						"0.7917": [0, 0, 1.3],
						"1.9167": [0, 0.3, 1.8]
					}
				},
				"head": {
					"rotation": {
						"0.0": [-1, -1, 0],
						"0.2083": [-4, -1, 0],
						"0.5": [5, -1, 0],
						"0.7917": [-2.5, -1, "math.sin(q.anim_time*90*15+60)*5"],
						"1.5833": [-3, -1, 0],
						"1.7917": [14, -1, 0],
						"1.9583": [-13, -1, 0],
						"2.2083": [-11.5, -1, 0],
						"2.3333": [0.5, 0, 0],
						"2.4583": [-4.5, 0, 0],
						"2.5833": [0, 0, 0]
					},
					"position": {
						"1.9583": [0, 0, 0],
						"2.2917": [0, -0.8, -0.3],
						"2.3333": [0, -1.05, -0.3],
						"2.4583": [0, -1.1, -0.3],
						"2.5833": [0, -0.9, -0.3]
					}
				},
				"tail": {
					"rotation": {
						"0.0": [1.13, 1.5, 0],
						"0.0417": [1.13397, 1.5, 0],
						"0.25": [1.11456, -3.35427, 1.19888],
						"0.5417": [6.10163, 4.54989, -0.03677],
						"0.8333": [3.4843, -10.26924, "2.295+math.sin(q.anim_time*90*15-30)*3"],
						"1.5": [2.34853, -13.19721, 2.96247],
						"1.75": [9.34853, -13.19721, 2.96247],
						"1.9583": [-1.65147, -13.19721, 2.96247],
						"2.0417": [-0.15147, -13.19721, 2.96247],
						"2.2083": [24.06281, -13.19721, 2.96247],
						"2.3333": [20.34853, -13.19721, 2.96247],
						"2.5": [5.17436, -14.59678, -4.62851],
						"2.6667": [13.34853, -13.19721, 0],
						"2.8333": [4.34853, -13.19721, 0]
					}
				},
				"tail2": {
					"rotation": {
						"0.0": [-10, 0, 0],
						"0.2083": [-10.31887, 9.45237, 0.02878],
						"0.4167": [-13.26732, -1.65797, 0.03538],
						"0.7083": [-11.29135, 6.72176, "-0.0005+math.sin(q.anim_time*90*15-60)*3"],
						"1.5417": [-18.76558, -0.76199, 0.494],
						"1.6667": [-21.26558, -0.76199, 0.494],
						"1.8333": [-8.76558, -0.76199, 0.494],
						"2.0": [-1.26558, -0.76199, 0.494],
						"2.1667": [-26.26558, -0.76199, 0.494],
						"2.2917": [-11.26558, -0.76199, 0.494],
						"2.4583": [-6.26558, -0.76199, 0.494],
						"2.5417": [-13.76558, -0.76199, 0],
						"2.7083": [-18.76558, -0.76199, 0],
						"2.875": [-22.76558, -0.76199, 0]
					}
				},
				"tail3": {
					"rotation": {
						"0.0": [0, 0, 0],
						"0.25": [-5, 7.5, 0],
						"0.5": [-14.98803, -4.98825, 0.54299],
						"0.6667": [-14.9786, 0.00706, 0.32621],
						"0.8333": [-20.03863, -12.48106, "0.8755+math.sin(q.anim_time*90*15-90)*3"],
						"1.625": [-27.83037, -19.91392, 1.91911],
						"1.7917": [-35.33037, -19.91392, 1.91911],
						"1.9583": [-10.41126, -12.41908, 2.20902],
						"2.125": [-28.07313, -14.82828, 2.89607],
						"2.3333": [-35.57313, -14.82828, 2.89607],
						"2.5": [3.91777, -5.24657, 5.80626],
						"2.5833": [-18.58223, -5.24657, 5.80626],
						"2.7083": [-3.58223, -5.24657, 5.80626],
						"2.9167": [-8.58223, -5.24657, 5.80626]
					}
				},
				"leg_front_left": {
					"rotation": {
						"0.0": [-4, 0, 0],
						"0.2083": [-8.50843, -2.4692, 0.39133],
						"0.5": [3.59763, -6.80566, -1.64185],
						"0.7917": [4.27807, -13.94606, -7.22546],
						"1.4583": [1.87171, -14.45693, 2.5606],
						"1.875": [1.87171, -14.45693, 2.5606],
						"2.0": [8.87171, -14.45693, 2.5606],
						"2.25": [-101.12829, -14.45693, 2.5606],
						"2.375": [-91.12829, -14.45693, 2.5606],
						"2.5417": [-89.69184, -12.72666, -1.54526]
					},
					"position": {
						"0.0": [0, -0.05, 0.3],
						"0.2083": [0, 0.45, 0.9],
						"0.5": [0, -0.65, 1.4],
						"0.7917": [0.4, -0.65, 1.4],
						"1.4583": [0.4, -0.35, 1.4],
						"1.875": [0.4, -0.35, 1.4],
						"2.0": [0.4, 0.75, 1.9],
						"2.25": [0.4, 0.05, 1.2],
						"2.375": [0.4, 0.45, 1.2],
						"2.5417": [0.4, 0.05, 1.3],
						"2.75": [0.4, 0.35, 1.3]
					}
				},
				"foot_front_left": {
					"rotation": {
						"0.0": [4, 0, 0],
						"0.2083": [24, 0, 0],
						"0.5": [-5.11893, -7.80917, 1.74232],
						"0.7917": [-2.24061, 1.13521, 6.04029],
						"1.4583": [0.60949, 0.77083, -2.95359],
						"1.875": [0.60949, 0.77083, -2.95359],
						"2.0": [21.10949, 0.77083, -2.95359],
						"2.25": [-3.89051, 0.77083, -2.95359],
						"2.375": [1.10949, 0.77083, -2.95359],
						"2.5833": [0.5, 0, 0]
					},
					"position": {
						"0.0": [0, 0.05, 0],
						"0.5": [0, 0.65, 0],
						"1.4583": [0, 0.55, 0],
						"1.875": [0, 0.55, 0],
						"2.0": [0, 0.75, 0.3],
						"2.25": [0, 0.75, -0.6],
						"2.375": [0, 0.75, -0.1],
						"2.5833": [0, 0.35, -0.5]
					}
				},
				"leg_front_right": {
					"rotation": {
						"0.0": [-4, 0, 0],
						"0.2083": [-6, 0, 0],
						"0.5": [-17, 0, 0],
						"0.7917": [2.99715, 0.1308, "-2.4967+math.sin(q.anim_time*90*15-30)*-5"],
						"1.125": [12.844, -0.58885, -2.81333],
						"1.5": [-20.29, 9.01, -1.42],
						"1.8333": [-33.17, 9.54, -1],
						"2.0417": [-19.67, 9.54, -1],
						"2.0833": [-12.17, 9.54, -1],
						"2.1667": [-55.97874, 10.81466, 0.0181],
						"2.2917": [-91.69184, 12.72666, 1.54526],
						"2.4583": [-89.69184, 12.72666, 1.54526]
					},
					"position": {
						"0.0": [0, -0.05, 0.3],
						"0.2083": [0, -0.25, 0.3],
						"0.5": [0, -0.75, 1.1],
						"0.7917": ["0.2+math.sin(q.anim_time*90*15)*0.1", "1.05+math.sin(q.anim_time*90*15)*0.3", 0.7],
						"1.125": [0.2, 1.05, 0.7],
						"1.5": [0.02, 1.95, 1.16],
						"1.8333": [-0.04, 2.35, 1.18],
						"2.0417": [-0.04, 0.15, 1.18],
						"2.0833": [-0.04, 0.65, 1.18],
						"2.1667": [-0.11, 0.37, 1.2],
						"2.2917": [-0.4, 0.25, 1.3],
						"2.4583": [-0.4, 0.05, 1.3],
						"2.75": [-0.4, 0.35, 1.3]
					}
				},
				"foot_front_right": {
					"rotation": {
						"0.0": [4, 0, 0],
						"0.2083": [7, 0, 0],
						"0.5": [17, 0, 0],
						"0.7917": [28, 0, 0],
						"1.3333": [30.5, 0, 0],
						"1.5417": [20.5, 0, 0],
						"1.6667": [21.3, 0, 0],
						"1.8333": [25.95, 0, 0],
						"2.0417": [3.63, 0, 0],
						"2.0833": [8.63, 0, 0],
						"2.1667": [34, 0, 0],
						"2.2917": [-14.5, 0, 0],
						"2.5": [0.5, 0, 0]
					},
					"position": {
						"0.0": [0, 0.05, 0],
						"0.5": [0, 0.25, 0],
						"0.7917": [0, 0.25, 0.3],
						"1.3333": [0, 0.55, 0.3],
						"1.6667": [0, 0.55, 0.45],
						"1.875": [0, 0.55, 0.47],
						"1.9583": [0, 0.66, 0.19],
						"2.1667": [0, 0.95, 0.19],
						"2.2917": [0, 0.55, -0.5],
						"2.5": [0, 0.35, -0.5]
					}
				},
				"leg_back_right": {
					"rotation": {
						"0.0": [-4, 0, 0],
						"0.2083": [-6.5, 0, 0],
						"0.2917": [-5.53, 1.02, 0.88],
						"0.7083": [5.99, 13.21, 11.42],
						"0.7917": [7.04115, 14.31754, 12.37326],
						"0.875": [7.05, 14.52, 12.4],
						"1.75": [7.22, 19.07, 12.99],
						"1.8333": [7.22874, 19.27887, 13.02177],
						"1.9583": [11.73, 19.28, 13.02],
						"2.0833": [27.72874, 19.27887, 13.02177],
						"2.3333": [95.47097, -25.54462, 8.92612],
						"2.4583": [84.47097, -25.54462, 8.92612]
					},
					"position": {
						"0.0": [0, -0.05, 0],
						"0.2083": [0, -0.15, 0.1],
						"0.2917": [-0.01, -0.16, 0.14],
						"0.7083": [-0.18, -0.33, 0.65],
						"0.7917": [-0.2, -0.35, 0.7],
						"0.875": [-0.2, -0.35, 0.72],
						"1.75": [-0.2, -0.35, 1.08],
						"1.8333": [-0.2, -0.35, 1.1],
						"1.9583": [-0.2, -0.1, 1.1],
						"2.0833": [-0.2, 0.65, 1.1],
						"2.3333": [-0.2, 0.25, 2.2]
					}
				},
				"foot_back_right": {
					"rotation": {
						"0.0": [4, 0, 0],
						"0.2083": [6, 0, 0],
						"0.2917": [5.64, 0.75, -0.61],
						"0.7083": [1.36, 9.69, -7.94],
						"0.7917": [0.96567, 10.50698, -8.60192],
						"0.875": [0.97, 10.51, -8.6],
						"1.75": [0.97, 10.51, -8.6],
						"1.8333": [0.96567, 10.50698, -8.60192],
						"1.9583": [5.96, 8.01, -8.64],
						"2.0833": [28.44951, 0.50837, -8.7696],
						"2.3333": [30.94951, 0.50837, -8.7696],
						"2.4583": [19.94951, 0.50837, -8.7696]
					},
					"position": {
						"0.0": [0, 0.05, 0],
						"0.7083": [-0.09, 0.24, 0],
						"0.7917": [-0.1, 0.25, 0],
						"0.875": [-0.1, 0.25, 0],
						"1.75": [-0.1, 0.25, 0],
						"1.8333": [-0.1, 0.25, 0],
						"1.9583": [-0.1, 0.28, 0.06],
						"2.0833": [-0.1, 0.8, 0.27],
						"2.3333": [-0.1, 0.65, 0.7],
						"2.4583": [-0.1, 0.65, 0.4]
					}
				},
				"body": {
					"rotation": {
						"0.0": [0, 0, 0],
						"1.875": [0, 0, 0],
						"2.0": [-2, 0, 0],
						"2.125": [-1.5, 0, 0],
						"2.4167": [2.33, 0, 0],
						"2.5417": [-2, 0, 0],
						"2.7083": [0, 0, 0]
					},
					"position": {
						"0.0": [0, 0, 0],
						"1.875": [0, 0, 0],
						"2.0": [0, 0, 0],
						"2.25": [0, -5.2, -3.7],
						"2.2917": [0, -5.51, -3.94],
						"2.4167": [0, -5.23, -4.67],
						"2.7083": [0, -5.6, -5.6]
					}
				},
				"jaw": {
					"rotation": {
						"0.5": [0, 0, 0],
						"0.7917": [37.5, 0, 0],
						"1.25": {
							"pre": [58.88, 0, 0],
							"post": [58.88, 0, 0],
							"lerp_mode": "catmullrom"
						},
						"1.4583": {
							"post": [41.38, 0, 0],
							"lerp_mode": "catmullrom"
						},
						"1.5833": {
							"post": [25.69, 0, 0],
							"lerp_mode": "catmullrom"
						},
						"1.7083": {
							"post": [35.34, 0, 0],
							"lerp_mode": "catmullrom"
						},
						"1.8333": [50.17, 0, 0],
						"1.9167": [0, 0, 0]
					}
				},
				"eyelid_left": {
					"position": {
						"0.0417": [0, 0, 0],
						"0.0833": [0.1, 0, 0],
						"0.2083": [0.1, 0, 0],
						"0.25": [0, 0, 0],
						"0.5": [0, 0, 0],
						"0.5417": [0.1, 0, 0],
						"0.7083": [0.1, 0, 0],
						"0.75": [0, 0, 0],
						"1.4583": [0, 0, 0],
						"1.5": [0.1, 0, 0],
						"1.7083": [0.1, 0, 0],
						"1.75": [0, 0, 0],
						"2.0417": [0, 0, 0],
						"2.0833": [0.1, 0, 0]
					}
				},
				"eyelid_right": {
					"position": {
						"0.0417": [0, 0, 0],
						"0.0833": [-0.1, 0, 0],
						"0.2083": [-0.1, 0, 0],
						"0.25": [0, 0, 0],
						"0.5": [0, 0, 0],
						"0.5417": [-0.1, 0, 0],
						"0.7083": [-0.1, 0, 0],
						"0.75": [0, 0, 0],
						"1.4583": [0, 0, 0],
						"1.5": [-0.1, 0, 0],
						"1.7083": [-0.1, 0, 0],
						"1.75": [0, 0, 0],
						"2.0417": [0, 0, 0],
						"2.0833": [-0.1, 0, 0]
					}
				},
				"leg_back_left": {
					"rotation": {
						"0.0": [-4, 0, 0],
						"0.2083": [-16.5, 0, 0],
						"0.5": [-14.05958, -4.79361, 1.4234],
						"0.7917": [6.83346, -3.39756, -11.03064],
						"1.75": [7.22, -8.27, -12.99],
						"1.8333": [7.22874, -8.77887, -13.02177],
						"1.9583": [11.73, -19.28, -13.02],
						"2.0833": [27.72874, -19.27887, -13.02177],
						"2.3333": [95.47097, 23.64462, -8.92612],
						"2.4583": [84.47097, 25.54462, -8.92612]
					},
					"position": {
						"0.0": [0, -0.05, 0],
						"0.2083": [0, -0.45, 0.8],
						"0.4167": [0, -0.36, 1.57],
						"0.5": [0, -0.35, 1.7],
						"0.625": [0.01, -0.35, 1.68],
						"1.75": [-0.1, -0.35, 1.48],
						"1.8333": [-0.1, -0.35, 1.5],
						"1.9583": [0.2, -0.1, 1.1],
						"2.0833": [0.2, 0.65, 1.1],
						"2.2083": [0.2, 0.58, 1.68],
						"2.3333": [0.2, 0.25, 2.2]
					}
				},
				"foot_back_left": {
					"rotation": {
						"0.0": [4, 0, 0],
						"0.2083": [16, 0, 0],
						"0.4167": [16.05, -4.12, -1.18],
						"0.5": [16.05797, -4.80584, -1.38143],
						"0.5833": [12.66, -6.72, -0.32],
						"0.7083": [-2.15047, -11.13789, 5.18984],
						"0.7917": [-7.44392, -10.73975, 12.02992],
						"1.75": [-3.41782, -6.74334, 11.8583],
						"1.8333": [0.96567, -10.50698, 12.80192],
						"1.9583": [5.96, -8.01, 8.64],
						"2.0833": [28.44951, -0.50837, 8.7696],
						"2.3333": [30.94951, -0.50837, 12.9696],
						"2.4583": [19.94951, -0.50837, 12.9696]
					},
					"position": {
						"0.0": [0, 0.05, 0],
						"0.6667": [0.47, 0.24, 0],
						"0.7917": [0.5, 0.25, 0],
						"0.9167": [0.48, 0.25, 0],
						"1.75": [0.1, 0.25, 0],
						"1.8333": [0.1, 0.25, 0],
						"1.9583": [0.1, 0.28, 0.06],
						"2.0833": [0.1, 0.8, 0.27],
						"2.3333": [0.1, 0.65, 0.7],
						"2.4583": [0.1, 0.65, 0.4]
					}
				}
			}
		},
		"animation.grotle_dawnian.blink": {
			"animation_length": 0.1667,
			"bones": {
				"eyelid_left": {
					"position": {
						"0.0": [0.1, 0, 0],
						"0.125": [0.1, 0, 0],
						"0.1667": [0, 0, 0]
					}
				},
				"eyelid_right": {
					"position": {
						"0.0": [-0.1, 0, 0],
						"0.125": [-0.1, 0, 0],
						"0.1667": [0, 0, 0]
					}
				}
			}
		},
		"animation.grotle_dawnian.cry": {
			"animation_length": 1.5,
			"bones": {
				"neck": {
					"rotation": {
						"0.0": [0, 0, 0],
						"0.25": [10, 0, 0],
						"1.25": [10, 0, 0],
						"1.5": [0, 0, 0]
					}
				},
				"head": {
					"rotation": {
						"0.0": [0, 0, 0],
						"0.0417": [0.83, 0, 0],
						"0.125": [4.89, 0, 0],
						"0.1667": [6.25, 0, 0],
						"0.25": [5.71, 0, 0],
						"0.4583": [3.75, 0, 0],
						"0.5833": [-8.28, 0, 0.32],
						"0.625": [-10.69, 0, 0.69],
						"0.75": [-12.5, 0, "0+math.sin(q.anim_time*90*20-30)*3"],
						"1.2917": [-0.87, 0, -0.12],
						"1.4167": [0, 0, 0]
					}
				},
				"jaw": {
					"rotation": {
						"0.125": [0, 0, 0],
						"0.25": {
							"pre": [25, 0, 0],
							"post": [25, 0, 0],
							"lerp_mode": "catmullrom"
						},
						"0.4583": {
							"post": [19.77, 0, 0],
							"lerp_mode": "catmullrom"
						},
						"0.5833": {
							"post": [37.5, 0, 0],
							"lerp_mode": "catmullrom"
						},
						"0.75": {
							"post": [25, 0, 0],
							"lerp_mode": "catmullrom"
						},
						"1.0417": [0, 0, 0]
					}
				},
				"torso": {
					"rotation": {
						"0.0": [0, 0, 0],
						"0.125": [2.5, 0, 0],
						"0.7917": [-2.5, 0, "3+math.sin(q.anim_time*90*15)*4"],
						"1.375": [0, 0, 0]
					}
				},
				"tail": {
					"rotation": {
						"0.0": [0, 0, 0],
						"0.125": [2.5, 0, 0],
						"0.75": [-2.5, 0, "2+math.sin(q.anim_time*90*15-30)*5"],
						"1.375": [0, 0, 0]
					}
				},
				"tail2": {
					"rotation": {
						"0.0": [0, 0, 0],
						"0.125": [2.5, 0, 0],
						"0.75": [-2.5, 0, "3+math.sin(q.anim_time*90*15-60)*4"],
						"1.375": [0, 0, 0]
					}
				},
				"tail3": {
					"rotation": {
						"0.0": [0, 0, 0],
						"0.125": [2.5, 0, 0],
						"0.75": [-2.5, 0, "7+math.sin(q.anim_time*90*15-90)*4"],
						"1.375": [0, 0, 0]
					}
				}
			},
			"sound_effects": {
				"0.2083": {
					"effect": "pokemon.grotle_dawnian.cry"
				}
			}
		},
		"animation.grotle_dawnian.quirk": {
			"animation_length": 2.5,
			"bones": {
				"torso": {
					"rotation": {
						"0.125": [0, 0, 0],
						"0.8333": [0, 0, "3-math.cos(q.anim_time*90*12)*8"],
						"2.0": [0, 0, 0]
					}
				},
				"head": {
					"rotation": {
						"0.0": [0, 0, 0],
						"0.5833": [0, 0, "3-math.cos(q.anim_time*90*12-30)*10"],
						"1.7083": [0, 0, 0]
					}
				},
				"eyelid_left": {
					"position": {
						"0.0": [0, 0, 0],
						"0.125": [0, 0, 0],
						"0.1667": [0.1, 0, 0],
						"1.625": [0.1, 0, 0],
						"1.6667": [0, 0, 0]
					}
				},
				"eyelid_right": {
					"position": {
						"0.0": [0, 0, 0],
						"0.125": [0, 0, 0],
						"0.1667": [-0.1, 0, 0],
						"1.625": [-0.1, 0, 0],
						"1.6667": [0, 0, 0]
					}
				},
				"tail": {
					"rotation": {
						"0.2917": [0, 0, 0],
						"1.0": [0, 0, "3-math.cos(q.anim_time*90*12+60)*5"],
						"2.1667": [0, 0, 0]
					}
				},
				"tail2": {
					"rotation": {
						"0.375": [0, 0, 0],
						"1.0833": [0, 0, "3-math.cos(q.anim_time*90*12)*5"],
						"2.25": [0, 0, 0]
					}
				},
				"tail3": {
					"rotation": {
						"0.4583": [0, 0, 0],
						"1.1667": [0, 0, "3-math.cos(q.anim_time*90*12-30)*5"],
						"2.3333": [0, 0, 0]
					}
				},
				"jaw": {
					"rotation": [27.5, 0, 0]
				},
				"tongue3": {
					"rotation": [-15, 0, 0],
					"position": [0, 0, 0.3]
				},
				"tongue2": {
					"rotation": [22.38216, -0.52982, -0.96335]
				},
				"tongue": {
					"rotation": [-17.5, 0, 0]
				}
			}
		},
		"animation.grotle_dawnian.hold_item": {
			"loop": true,
			"bones": {
				"jaw": {
					"rotation": [22.5, 0, 0]
				}
			}
		}
	}
}