{
    "neoforge:conditions": [
        {
            "type": "neoforge:mod_loaded",
            "modid": "malum"
        }
    ],
    "type": "apotheosis:gem",
    "constraints": {
        "dimensions": [
            "minecraft:overworld"
        ]
    },
    "weights": {
        "ascent": {
            "quality": 0.1,
            "weight": 100
        },
        "summit": {
            "quality": 0.1,
            "weight": 100
        },
        "pinnacle": {
            "quality": 0.1,
            "weight": 100
        }
    },
    "bonuses": [
        {
            "type": "apotheosis:attribute",
            "attribute": "apothic_attributes:fire_damage",
            "gem_class": {
                "key": "malum_weapon",
                "types": [
                    "apothic_compats:scythe",
                    "apothic_compats:staff"
                ]
            },
            "operation": "add_value",
            "values": {
                "cracked": 1.0,
                "chipped": 2.0,
                "flawed": 3.0,
                "normal": 4.0,
                "flawless": 5.0,
                "perfect": 6.0
            }
        },
        {
            "type": "apotheosis:attribute",
            "attribute": "malum:arcane_resonance",
            "gem_class": {
                "key": "core_armor",
                "types": [
                    "apotheosis:chestplate",
                    "apotheosis:leggings"
                ]
            },
            "operation": "add_multiplied_base",
            "values": {
                "cracked": 0.15,
                "chipped": 0.25,
                "flawed": 0.35,
                "normal": 0.45,
                "flawless": 0.55,
                "perfect": 0.65
            }
        },
        {
            "type": "apotheosis:mob_effect",
            "gem_class": {
                "key": "light_weapon",
                "types": [
                    "apotheosis:melee_weapon",
                    "apotheosis:trident"
                ]
            },
            "mob_effect": "malum:pyromaniacs_fervor",
            "target": "attack_self",
            "values": {
                "cracked": {
                    "duration": 10.0,
                    "amplifier": 0
                },
                "chipped": {
                    "duration": 15.0,
                    "amplifier": 0
                },
                "flawed": {
                    "duration": 20.0,
                    "amplifier": 1
                },
                "normal": {
                    "duration": 25.0,
                    "amplifier": 1
                },
                "flawless": {
                    "duration": 30.0,
                    "amplifier": 2
                },
                "perfect": {
                    "duration": 35.0,
                    "amplifier": 2
                }
            }
        }
    ]
}