{
    "neoforge:conditions": [
        {
            "type": "neoforge:mod_loaded",
            "modid": "malum"
        },
        {
            "type": "neoforge:mod_loaded",
            "modid": "ancientreforging"
        }
    ],
    "type": "apotheosis:mob_effect",
    "definition": {
        "affix_type": "basic_effect",
        "exclusive_set": [],
        "weights": {
            "quality": 0.1,
            "weight": 25
        }
    },
    "mob_effect": "apothic_attributes:bleeding",
    "stack_on_reapply": true,
    "target": "attack_target",
    "types": [
        "apothic_compats:staff"
    ],
    "values": {
        "ancientreforging:ancient": {
            "duration": {
                "min": 50.00,
                "max": 100.00,
                "step": 5.00
            },
            "amplifier": {
                "min": 0.000,
                "max": 0.50,
                "step": 0.0625
            },
            "cooldown": 40
        }
    }
}