{
  "type": "farmersdelight:cooking",
  "experience": 1.0,
  "ingredients": [
    {
      "tag": "c:foods/raw_chicken"
    },
    {
      "item": "minecraft:carrot"
    },
    {
      "tag": "c:foods/leafy_green"
    },
    {
      "type": "neoforge:difference",
      "base": {
        "tag": "c:foods/vegetable"
      },
      "subtracted": {
        "item": "minecraft:melon_slice"
      }
    }
  ],
  "recipe_book_tab": "meals",
  "result": {
    "count": 1,
    "id": "farmersdelight:chicken_soup"
  }
}