{
  "type": "farmersdelight:cooking",
  "experience": 1.0,
  "ingredients": [
    {
      "tag": "c:foods/dough"
    },
    {
      "tag": "c:crops/cabbage"
    },
    {
      "tag": "c:crops/onion"
    },
    {
      "type": "neoforge:compound",
      "children": [
        {
          "tag": "c:foods/raw_chicken"
        },
        {
          "tag": "c:foods/raw_pork"
        },
        {
          "tag": "c:foods/raw_beef"
        },
        {
          "item": "minecraft:brown_mushroom"
        }
      ]
    }
  ],
  "recipe_book_tab": "misc",
  "result": {
    "count": 2,
    "id": "farmersdelight:dumplings"
  }
}