{
  "type": "farmersdelight:cooking",
  "experience": 1.0,
  "ingredients": [
    {
      "item": "minecraft:brown_mushroom"
    },
    {
      "item": "minecraft:red_mushroom"
    },
    {
      "tag": "c:crops/rice"
    },
    {
      "type": "neoforge:compound",
      "children": [
        {
          "item": "minecraft:carrot"
        },
        {
          "item": "minecraft:potato"
        }
      ]
    }
  ],
  "recipe_book_tab": "meals",
  "result": {
    "count": 1,
    "id": "farmersdelight:mushroom_rice"
  }
}