{
    "neoforge:conditions": [
        {
            "type": "neoforge:mod_loaded",
            "modid": "malum"
        },
        {
            "type": "neoforge:mod_loaded",
            "modid": "ancientreforging"
        }
    ],
    "type": "apotheosis:attribute",
    "attribute": "apothic_attributes:current_hp_damage",
    "categories": [
        "apothic_compats:scythe"
    ],
    "definition": {
        "affix_type": "stat",
        "exclusive_set": [],
        "weights": {
            "pinnacle": {
                "quality": 5.0,
                "weight": 20
            }
        }
    },
    "operation": "add_value",
    "values": {
        "ancientreforging:ancient": {
            "min": 0.075,
            "max": 0.175
        }
    }
}