{
    "neoforge:conditions": [
        {
            "type": "neoforge:mod_loaded",
            "modid": "aether"
        },
        {
            "type": "neoforge:mod_loaded",
            "modid": "ancientreforging"
        }
    ],
    "type": "apotheosis:enchantment",
    "categories": [
        "apothic_compats:dart_shooter"
    ],
    "definition": {
        "affix_type": "ability",
        "exclusive_set": [],
        "weights": {
            "quality": 0.1,
            "weight": 25
        }
    },
    "enchantment": "minecraft:looting",
    "values": {
        "ancientreforging:ancient": {
            "min": 2.0,
            "max": 4.0,
            "step": 1
        }
    }
}