{
	"format_version": "1.12.0",
	"minecraft:geometry": [
		{
			"description": {
				"identifier": "geometry.grotle",
				"texture_width": 128,
				"texture_height": 128,
				"visible_bounds_width": 4,
				"visible_bounds_height": 3.5,
				"visible_bounds_offset": [0, 1.25, 0]
			},
			"bones": [
				{
					"name": "grotle",
					"pivot": [0, 0, 0]
				},
				{
					"name": "body",
					"parent": "grotle",
					"pivot": [0, 10, 0]
				},
				{
					"name": "torso",
					"parent": "body",
					"pivot": [0, 10, 2],
					"cubes": [
						{"origin": [-7, 9.75, 0.5], "size": [14, 7, 8], "uv": [37, 25]},
						{"origin": [-6.5, 5.25, -8], "size": [13, 9, 16], "uv": [0, 0]},
						{"origin": [-7, 10.75, -8.5], "size": [14, 6, 9], "uv": [0, 31]},
						{"origin": [0, 13.75, -13.5], "size": [0, 6, 21], "uv": [0, 4]}
					]
				},
				{
					"name": "speaker",
					"parent": "torso",
					"pivot": [5, 20.75, 1],
					"cubes": [
						{"origin": [1.5, 15.75, -3.5], "size": [7, 10, 9], "pivot": [5, 20.75, 1], "rotation": [0, 0, 7.5], "uv": [27, 104]}
					]
				},
				{
					"name": "speaker2",
					"parent": "torso",
					"pivot": [-5, 20.75, 1],
					"cubes": [
						{"origin": [-8.5, 15.75, -3.5], "size": [7, 10, 9], "pivot": [-5, 20.75, 1], "rotation": [0, 0, -7.5], "uv": [27, 104], "mirror": true}
					]
				},
				{
					"name": "head",
					"parent": "torso",
					"pivot": [0, 10, -8],
					"cubes": [
						{"origin": [-3.5, 8.25, -15.25], "size": [7, 5, 8], "uv": [0, 68]},
						{"origin": [-3.5, 6.25, -12.25], "size": [7, 2, 5], "uv": [69, 0]},
						{"origin": [1.5, 5.75, -12.75], "size": [3, 2, 2], "uv": [101, 3]},
						{"origin": [-1.5, 7.5, -16.75], "size": [3, 4, 2], "uv": [62, 40]},
						{"origin": [3.5, 7.25, -11.5], "size": [2, 3, 3], "uv": [50, 53]},
						{"origin": [-4, 12.75, -16.5], "size": [8, 3, 10], "pivot": [0, 15.25, -9.5], "rotation": [10, 0, 0], "uv": [36, 40]},
						{"origin": [0, 15.63176, -14.42404], "size": [8, 5, 0], "pivot": [4, 18.13176, -14.42404], "rotation": [8.77951, -9.84721, -31.89425], "uv": [101, 74]},
						{"origin": [-5.5, 7.25, -11.5], "size": [2, 3, 3], "uv": [0, 50]},
						{"origin": [-8, 15.63176, -14.42404], "size": [8, 5, 0], "pivot": [-4, 18.13176, -14.42404], "rotation": [8.77951, 9.84721, 31.89425], "uv": [101, 74], "mirror": true},
						{"origin": [-4.5, 5.75, -12.75], "size": [3, 2, 2], "uv": [101, 3], "mirror": true}
					]
				},
				{
					"name": "locator_mouth",
					"parent": "head",
					"pivot": [0, 8.25, -12.5],
					"locators": {
						"mouth": [0, 8.25, -12.5]
					}
				},
				{
					"name": "locator_item_face",
					"parent": "head",
					"pivot": [0, 11.25, -16],
					"locators": {
						"item_face": [0, 11.25, -16]
					}
				},
				{
					"name": "locator_item_hat",
					"parent": "head",
					"pivot": [0, 15, -12],
					"locators": {
						"item_hat": [0, 15, -12]
					}
				},
				{
					"name": "locator_face",
					"parent": "head",
					"pivot": [0, 11.25, -16.75],
					"locators": {
						"face": [0, 11.25, -16.75]
					}
				},
				{
					"name": "locator_head",
					"parent": "head",
					"pivot": [0, 14.9, -14.5],
					"locators": {
						"head": [0, 14.9, -14.5]
					}
				},
				{
					"name": "locator_jaw_upper",
					"parent": "head",
					"pivot": [0, 8.25, -13.75],
					"rotation": [-90, 0, 0],
					"locators": {
						"jaw1": [0, 8.25, -13.75]
					}
				},
				{
					"name": "jaw",
					"parent": "head",
					"pivot": [0, 8, -12.25],
					"cubes": [
						{"origin": [-3, 6.25, -15.25], "size": [6, 2, 3], "uv": [82, 16]},
						{"origin": [0, 5.75, -15.75], "size": [2, 2, 2], "uv": [102, 25]},
						{"origin": [-2, 5.75, -15.75], "size": [2, 2, 2], "uv": [102, 25], "mirror": true}
					]
				},
				{
					"name": "tongue",
					"parent": "jaw",
					"pivot": [0, 7.75, -11.75],
					"rotation": [-5, 0, 0],
					"cubes": [
						{"origin": [-1, 7.25, -15.25], "size": [2, 1, 3], "uv": [102, 52]}
					]
				},
				{
					"name": "tongue2",
					"parent": "tongue",
					"pivot": [0, 7.75, -15.25],
					"rotation": [20, 0, 0],
					"cubes": [
						{"origin": [-1, 7.25, -18.25], "size": [2, 1, 3], "inflate": 0.01, "uv": [102, 59]}
					]
				},
				{
					"name": "tongue3",
					"parent": "tongue2",
					"pivot": [0, 7.75, -18],
					"rotation": [45, 0, 0],
					"cubes": [
						{"origin": [-1, 7.25, -21], "size": [2, 1, 3], "uv": [102, 40]}
					]
				},
				{
					"name": "locator_item",
					"parent": "jaw",
					"pivot": [0, 8.25, -15.25],
					"locators": {
						"item": [0, 8.25, -15.25]
					}
				},
				{
					"name": "locator_jaw_lower",
					"parent": "jaw",
					"pivot": [0, 8.25, -13.75],
					"rotation": [90, 0, 0],
					"locators": {
						"jaw2": [0, 8.25, -13.75],
						"physical": [0, 8.25, -13.75],
						"special": [0, 8.25, -13.75]
					}
				},
				{
					"name": "eye_left",
					"parent": "head",
					"pivot": [3.01, 11.25, -13.5],
					"cubes": [
						{"origin": [2.51, 9.25, -15], "size": [1, 4, 3], "uv": [89, 21]},
						{"origin": [2.515, 10.75, -14.5], "size": [1, 2, 1], "uv": [42, 12]}
					]
				},
				{
					"name": "locator_eye_left",
					"parent": "eye_left",
					"pivot": [3.5, 11.25, -14],
					"locators": {
						"eye2": [3.5, 11.25, -14]
					}
				},
				{
					"name": "eyelid_left",
					"parent": "eye_left",
					"pivot": [3.01, 11.25, -13.5],
					"cubes": [
						{"origin": [2.41, 9.25, -15], "size": [1, 4, 3], "inflate": 0.01, "uv": [22, 68]}
					]
				},
				{
					"name": "eye_right",
					"parent": "head",
					"pivot": [-3.01, 11.25, -13.5],
					"cubes": [
						{"origin": [-3.51, 9.25, -15], "size": [1, 4, 3], "uv": [0, 68]},
						{"origin": [-3.515, 10.75, -14.5], "size": [1, 2, 1], "uv": [42, 4]}
					]
				},
				{
					"name": "locator_eye_right",
					"parent": "eye_right",
					"pivot": [-3.5, 11.25, -14],
					"locators": {
						"eye1": [-3.5, 11.25, -14]
					}
				},
				{
					"name": "eyelid_right",
					"parent": "eye_right",
					"pivot": [-3.01, 11.25, -13.5],
					"cubes": [
						{"origin": [-3.41, 9.25, -15], "size": [1, 4, 3], "inflate": 0.01, "uv": [0, 31]}
					]
				},
				{
					"name": "tail",
					"parent": "torso",
					"pivot": [0, 10.5, 7],
					"rotation": [-15, 0, 0],
					"cubes": [
						{"origin": [-4.5, 6.25, 6], "size": [9, 6, 7], "uv": [53, 64]},
						{"origin": [-5, 9.25, 6.5], "size": [10, 5, 7], "uv": [42, 0]}
					]
				},
				{
					"name": "tail2",
					"parent": "tail",
					"pivot": [0, 9, 12.75],
					"rotation": [15, 0, 0],
					"cubes": [
						{"origin": [-3, 9.25, 11.5], "size": [6, 3, 6], "uv": [72, 51]},
						{"origin": [-2.5, 7.25, 11], "size": [5, 4, 6], "uv": [73, 23]}
					]
				},
				{
					"name": "locator_tail",
					"parent": "tail2",
					"pivot": [0, 9.5, 14.5],
					"rotation": [0, 180, 0],
					"locators": {
						"tail": [0, 9.5, 14.5]
					}
				},
				{
					"name": "tail3",
					"parent": "tail2",
					"pivot": [0, 9.25, 16.75],
					"rotation": [12.5, 0, 0],
					"cubes": [
						{"origin": [-1, 8.25, 15], "size": [2, 2, 5], "uv": [85, 69]},
						{"origin": [-1.5, 9.25, 15.5], "size": [3, 2, 5], "uv": [0, 9]}
					]
				},
				{
					"name": "locator_tail_tip",
					"parent": "tail3",
					"pivot": [0, 10.25, 21],
					"rotation": [0, 180, 0],
					"locators": {
						"tail_tip": [0, 10.25, 21]
					}
				},
				{
					"name": "leg_front_left",
					"parent": "body",
					"pivot": [5.75, 7, -5.5],
					"cubes": [
						{"origin": [3.75, 3.5, -7.5], "size": [4, 5, 4], "pivot": [5.75, 4, -5.5], "rotation": [0, 0, -10], "uv": [18, 86]}
					]
				},
				{
					"name": "foot_front_left",
					"parent": "leg_front_left",
					"pivot": [5.75, 3, -6.5],
					"cubes": [
						{"origin": [3.25, 0, -8], "size": [5, 4, 5], "uv": [82, 7]},
						{"origin": [7, 0, -10], "size": [0, 2, 2], "uv": [41, 29]},
						{"origin": [5.75, 0, -10], "size": [0, 2, 2], "uv": [42, 0]},
						{"origin": [4.5, 0, -10], "size": [0, 2, 2], "uv": [37, 29]}
					]
				},
				{
					"name": "locator_foot_primary2",
					"parent": "foot_front_left",
					"pivot": [6, 0.75, -5.5],
					"rotation": [90, 0, 0],
					"locators": {
						"foot_primary2": [6, 0.75, -5.5]
					}
				},
				{
					"name": "leg_front_right",
					"parent": "body",
					"pivot": [-5.75, 7, -5.5],
					"cubes": [
						{"origin": [-7.75, 3.5, -7.5], "size": [4, 5, 4], "pivot": [-5.75, 4, -5.5], "rotation": [0, 0, 10], "uv": [84, 42]}
					]
				},
				{
					"name": "foot_front_right",
					"parent": "leg_front_right",
					"pivot": [-5.75, 3, -6.5],
					"cubes": [
						{"origin": [-8.25, 0, -8], "size": [5, 4, 5], "uv": [78, 60]},
						{"origin": [-7, 0, -10], "size": [0, 2, 2], "uv": [4, 36]},
						{"origin": [-5.75, 0, -10], "size": [0, 2, 2], "uv": [0, 36]},
						{"origin": [-4.5, 0, -10], "size": [0, 2, 2], "uv": [5, 29]}
					]
				},
				{
					"name": "locator_foot_primary1",
					"parent": "foot_front_right",
					"pivot": [-6, 0.75, -5.5],
					"rotation": [90, 0, 0],
					"locators": {
						"foot_primary1": [-6, 0.75, -5.5]
					}
				},
				{
					"name": "leg_back_right",
					"parent": "body",
					"pivot": [-6.25, 7, 5.5],
					"cubes": [
						{"origin": [-8.25, 3.5, 3.5], "size": [4, 5, 4], "pivot": [-6.25, 4, 5.5], "rotation": [0, 0, 10], "uv": [84, 33]}
					]
				},
				{
					"name": "foot_back_right",
					"parent": "leg_back_right",
					"pivot": [-6.25, 3, 4.5],
					"cubes": [
						{"origin": [-8.75, 0, 3], "size": [5, 4, 5], "uv": [74, 77]},
						{"origin": [-7.5, 0, 1], "size": [0, 2, 2], "uv": [12, 0]},
						{"origin": [-6.25, 0, 1], "size": [0, 2, 2], "uv": [11, 9]},
						{"origin": [-5, 0, 1], "size": [0, 2, 2], "uv": [11, 7]}
					]
				},
				{
					"name": "locator_foot_secondary1",
					"parent": "foot_back_right",
					"pivot": [-6, 0.75, 5.5],
					"rotation": [90, 0, 0],
					"locators": {
						"foot_secondary1": [-6, 0.75, 5.5]
					}
				},
				{
					"name": "leg_back_left",
					"parent": "body",
					"pivot": [6.25, 7, 5.5],
					"cubes": [
						{"origin": [4.25, 3.5, 3.5], "size": [4, 5, 4], "pivot": [6.25, 4, 5.5], "rotation": [0, 0, -10], "uv": [0, 0]}
					]
				},
				{
					"name": "foot_back_left",
					"parent": "leg_back_left",
					"pivot": [6.25, 3, 4.5],
					"cubes": [
						{"origin": [3.75, 0, 3], "size": [5, 4, 5], "uv": [20, 50]},
						{"origin": [7.5, 0, 1], "size": [0, 2, 2], "uv": [0, 9]},
						{"origin": [6.25, 0, 1], "size": [0, 2, 2], "uv": [0, 7]},
						{"origin": [5, 0, 1], "size": [0, 2, 2], "uv": [0, 0]}
					]
				},
				{
					"name": "locator_foot_secondary2",
					"parent": "foot_back_left",
					"pivot": [6, 0.75, 5.5],
					"rotation": [90, 0, 0],
					"locators": {
						"foot_secondary2": [6, 0.75, 5.5]
					}
				},
				{
					"name": "locator_middle",
					"parent": "body",
					"pivot": [0, 11, 0],
					"locators": {
						"middle": [0, 11, 0]
					}
				},
				{
					"name": "locator_target",
					"parent": "body",
					"pivot": [0, 10, -20],
					"locators": {
						"target": [0, 10, -20]
					}
				},
				{
					"name": "locator_root",
					"parent": "grotle",
					"pivot": [0, 0, 0],
					"locators": {
						"root": [0, 0, 0]
					}
				},
				{
					"name": "locator_top",
					"parent": "grotle",
					"pivot": [0, 26.5, 0],
					"locators": {
						"top": [0, 26.5, 0]
					}
				}
			]
		}
	]
}