{
    "type": "apotheosis:gem",
    "weights": {
        "quality": 0.1,
        "weight": 100
    },
    "bonuses": [
        {
            "type": "apotheosis:attribute",
            "attribute": "minecraft:generic.attack_damage",
            "gem_class": {
                "key": "light_weapon",
                "types": [
                    "apotheosis:melee_weapon",
                    "apotheosis:trident"
                ]
            },
            "operation": "add_value",
            "values": {
                "cracked": 1.0,
                "chipped": 2.0,
                "flawed": 3.5,
                "normal": 5.0,
                "flawless": 7.0,
                "perfect": 10.0
            }
        },
        {
            "type": "apotheosis:durability",
            "gem_class": "apotheosis:breaker",
            "values": {
                "cracked": 0.1,
                "chipped": 0.15,
                "flawed": 0.25,
                "normal": 0.35,
                "flawless": 0.45,
                "perfect": 0.6
            }
        },
        {
            "type": "apotheosis:attribute",
            "attribute": "minecraft:generic.knockback_resistance",
            "gem_class": {
                "key": "core_armor",
                "types": [
                    "apotheosis:chestplate",
                    "apotheosis:leggings"
                ]
            },
            "operation": "add_value",
            "values": {
                "cracked": 0.1,
                "chipped": 0.2,
                "flawed": 0.3,
                "normal": 0.4,
                "flawless": 0.5,
                "perfect": 0.7
            }
        }
    ]
}