{
    "neoforge:conditions": [
        {
            "type": "neoforge:mod_loaded",
            "modid": "malum"
        }
    ],
    "type": "apothic_compats:staff_cleaving",
    "definition": {
        "affix_type": "ability",
        "exclusive_set": [],
        "weights": {
            "quality": 0.1,
            "weight": 25
        }
    },
    "values": {
        "apotheosis:epic": {
            "chance": {
                "min": 0.075,
                "max": 0.125,
                "step": 0.0125
            },
            "targets": {
                "min": 0.50,
                "max": 1.250,
                "step": 0.250
            }
        },
        "apotheosis:mythic": {
            "chance": {
                "min": 0.1,
                "max": 0.15,
                "step": 0.0125
            },
            "targets": {
                "min": 0.750,
                "max": 1.50,
                "step": 0.250
            }
        }
    }
}