{
    "type": "create:crushing",
    "ingredients": [
        {
        "type": "apotheosis:gem",
        "purity": "flawless"
	    }
    ],
    "processingTime": 100,
    "results": [
      {
        "count": 4,
        "id": "apotheosis:gem_dust"
      },
      {
        "chance": 0.5,
        "id": "apotheosis:gem_dust"
      },
      {
        "chance": 0.5,
        "id": "apotheosis:gem_dust"
      },
      {
        "chance": 0.5,
        "id": "apotheosis:gem_dust"
      }
    ]
  }