{
    "neoforge:conditions": [
        {
            "type": "neoforge:mod_loaded",
            "modid": "curios"
        }
    ],
    "type": "apotheosis:attribute",
    "attribute": "minecraft:generic.attack_speed",
    "categories": [
        "apothic_compats:back",
        "apothic_compats:belt",
        "apothic_compats:body",
        "apothic_compats:bracelet",
        "apothic_compats:charm",
        "apothic_compats:curio",
        "apothic_compats:feet",
        "apothic_compats:hands",
        "apothic_compats:head",
        "apothic_compats:necklace",
        "apothic_compats:ring"
    ],
    "definition": {
        "affix_type": "stat",
        "exclusive_set": [],
        "weights": {
            "quality": 0.1,
            "weight": 25
        }
    },
    "operation": "add_multiplied_total",
    "values": {
        "apotheosis:common": {
            "min": 0.025,
            "max": 0.05
        },
        "apotheosis:uncommon": {
            "min": 0.05,
            "max": 0.075
        },
        "apotheosis:rare": {
            "min": 0.075,
            "max": 0.1
        },
        "apotheosis:epic": {
            "min": 0.1,
            "max": 0.125
        },
        "apotheosis:mythic": {
            "min": 0.1125,
            "max": 0.15
        }
    }
}