{
    "neoforge:conditions": [
        {
            "type": "neoforge:mod_loaded",
            "modid": "curios"
        }
    ],
    "type": "apotheosis:attribute",
    "attribute": "minecraft:generic.knockback_resistance",
    "categories": [
        "apothic_compats:back",
        "apothic_compats:belt",
        "apothic_compats:body",
        "apothic_compats:bracelet",
        "apothic_compats:charm",
        "apothic_compats:curio",
        "apothic_compats:feet",
        "apothic_compats:hands",
        "apothic_compats:head",
        "apothic_compats:necklace",
        "apothic_compats:ring"
    ],
    "definition": {
        "affix_type": "stat",
        "exclusive_set": [],
        "weights": {
            "quality": 0.1,
            "weight": 25
        }
    },
    "operation": "add_value",
    "values": {
        "apotheosis:uncommon": {
            "min": 0.0125,
            "max": 0.025
        },
        "apotheosis:rare": {
            "min": 0.0125,
            "max": 0.025
        },
        "apotheosis:epic": {
            "min": 0.0375,
            "max": 0.05
        },
        "apotheosis:mythic": {
            "min": 0.0625,
            "max": 0.0875
        }
    }
}