{
    "target": "cobblemon:grotle",
    "forms": [
        {
            "name": "Dawnian",
            "primaryType": "electric",
            "secondaryType": "steel",
            "abilities": [
                "lightningrod",
                "h:bassboosted"
            ],
            "baseStats": {
                "hp": 70,
                "attack": 35,
                "defence": 80,
                "special_attack": 82,
                "special_defence": 63,
                "speed": 75
            },
            "behaviour": {
                "resting": {
                    "canSleep": true,
                    "light": "0-4"
                },
                "moving": {
                    "walk": {
                        "walkSpeed": 0.2
                    }
                }
            },
            "catchRate": 45,
            "maleRatio": 0.875,
            "shoulderMountable": false,
            "baseExperienceYield": 142,
            "experienceGroup": "medium_slow",
            "eggCycles": 20,
            "eggGroups": [
                "grass",
                "monster"
            ],
            "moves": [
                "1:tackle",
                "5:withdraw",
                "9:thundershock",
                "13:spark",
                "17:workup",
                "22:confusion",
                "27:mirrorshot",
                "32:metalsound",
                "37:recover",
                "42:extrasensory",
                "50:flashcannon",
                "52:supercellslam",
                "63:steelbeam",
                "tm:roar",
                "tm:hypervoice",
                "tm:boomburst",
                "tm:gyroball",
                "tm:metalburst",
                "tm:irondefense",
                "tm:thunderfang",
                "tm:chargebeam",
                "tm:discharge",
                "tm:paraboliccharge",
                "tm:shockwave",
                "tm:zapcannon",
                "tm:electricterrain",
                "tm:magnetrise",
                "tm:thunderwave",
                "tm:chillingwater",
                "tm:raindance",
                "tm:screech",
                "tm:protect",
                "tm:confuseray",
                "tm:swift",
                "tm:endure",
                "tm:sandstorm",
                "tm:rest",
                "tm:sleeptalk",
                "tm:snore",
                "tm:eerieimpulse",
                "tm:helpinghand",
                "tm:hyperbeam",
                "tm:terablast",
                "tm:charge",
                "tm:electroweb",
                "tm:thunderbolt",
                "tm:psychicnoise",
                "tm:voltswitch",
                "tm:snarl"
            ],
            "aspects": [
                "dawnian"
            ],
            "labels": [
                "custom",
                "dawnian"
            ],
            "pokedex": [
                "cobblemon.species.grotle_dawnian.desc"
            ],
            "baseScale": 1,
            "hitbox": {
                "width": 1.4,
                "height": 1.1,
                "fixed": false
            },
            "baseFriendship": 50,
            "evYield": {
                "hp": 0,
                "attack": 0,
                "defence": 1,
                "special_attack": 1,
                "special_defence": 0,
                "speed": 0
            },
            "height": 11,
            "weight": 970,
            "evolutions": [
                {
                    "id": "grotledawnian_torterradawnian",
                    "variant": "level_up",
                    "result": "torterra dawnian",
                    "consumeHeldItem": false,
                    "learnableMoves": [
                        "overdrive"
                    ],
                    "requirements": [
                        {
                            "variant": "level",
                            "minLevel": 32
                        }
                    ]
                }
            ]
        }
    ]
}