{
    "type": "apotheosis:mob_effect",
    "definition": {
        "affix_type": "basic_effect",
        "exclusive_set": [],
        "weights": {
            "quality": 0.1,
            "weight": 25
        }
    },
    "mob_effect": "minecraft:speed",
    "stack_on_reapply": true,
    "stacking_limit": 3,
    "target": "attack_self",
    "types": [
        "apotheosis:melee_weapon",
        "apotheosis:trident"
    ],
    "values": {
        "apotheosis:uncommon": {
            "duration": {
                "min": 50.00,
                "max": 100.00,
                "step": 5.00
            },
            "amplifier": 0.0,
            "cooldown": 300
        },
        "apotheosis:rare": {
            "duration": {
                "min": 50.00,
                "max": 150.00,
                "step": 5.00
            },
            "amplifier": 0.0,
            "cooldown": 300
        },
        "apotheosis:epic": {
            "duration": {
                "min": 50.00,
                "max": 150.00,
                "step": 5.00
            },
            "amplifier": {
                "min": 0.000,
                "max": 0.250,
                "step": 0.0625
            },
            "cooldown": 300
        },
        "apotheosis:mythic": {
            "duration": {
                "min": 50.00,
                "max": 200.00,
                "step": 5.00
            },
            "amplifier": {
                "min": 0.000,
                "max": 0.50,
                "step": 0.0625
            },
            "cooldown": 300
        }
    }
}