{
    "type": "apotheosis:attribute",
    "attribute": "apothic_attributes:experience_gained",
    "categories": [
        "apotheosis:breaker"
    ],
    "definition": {
        "affix_type": "stat",
        "exclusive_set": [],
        "weights": {
            "quality": 0.1,
            "weight": 25
        }
    },
    "operation": "add_multiplied_total",
    "values": {
        "apotheosis:common": {
            "min": 0.0625,
            "max": 0.1
        },
        "apotheosis:uncommon": {
            "min": 0.0625,
            "max": 0.1
        },
        "apotheosis:rare": {
            "min": 0.0875,
            "max": 0.125
        },
        "apotheosis:epic": {
            "min": 0.0875,
            "max": 0.15
        },
        "apotheosis:mythic": {
            "min": 0.1375,
            "max": 0.1625
        }
    }
}