{
    "type": "apotheosis:mob_effect",
    "definition": {
        "affix_type": "basic_effect",
        "exclusive_set": [],
        "weights": {
            "quality": 0.1,
            "weight": 25
        }
    },
    "mob_effect": "minecraft:blindness",
    "target": "hurt_attacker",
    "types": [
        "apotheosis:helmet"
    ],
    "values": {
        "apotheosis:uncommon": {
            "duration": {
                "min": 10.00,
                "max": 20.00,
                "step": 5.00
            },
            "amplifier": 0.0,
            "cooldown": 300
        },
        "apotheosis:rare": {
            "duration": {
                "min": 10.00,
                "max": 20.00,
                "step": 5.00
            },
            "amplifier": 0.0,
            "cooldown": 240
        },
        "apotheosis:epic": {
            "duration": {
                "min": 10.00,
                "max": 20.00,
                "step": 5.00
            },
            "amplifier": 0.0,
            "cooldown": 240
        },
        "apotheosis:mythic": {
            "duration": {
                "min": 15.00,
                "max": 25.00,
                "step": 5.00
            },
            "amplifier": 0.0,
            "cooldown": 200
        }
    }
}