{
    "type": "apotheosis:mob_effect",
    "definition": {
        "affix_type": "basic_effect",
        "exclusive_set": [
            "apotheosis:armor/mob_effect/revitalizing"
        ],
        "weights": {
            "quality": 0.1,
            "weight": 25
        }
    },
    "mob_effect": "apothic_attributes:vitality",
    "target": "hurt_self",
    "types": [
        "apotheosis:chestplate",
        "apotheosis:leggings"
    ],
    "values": {
        "apotheosis:epic": {
            "duration": 50.00,
            "amplifier": 0.0,
            "cooldown": 300
        },
        "apotheosis:mythic": {
            "duration": 50.00,
            "amplifier": {
                "min": 0.000,
                "max": 0.250,
                "step": 0.0625
            },
            "cooldown": 300
        }
    }
}