{
    "type": "apotheosis:attribute",
    "attribute": "neoforge:swim_speed",
    "categories": [
        "apotheosis:boots"
    ],
    "definition": {
        "affix_type": "stat",
        "exclusive_set": [],
        "weights": {
            "quality": 0.1,
            "weight": 25
        }
    },
    "operation": "add_multiplied_total",
    "values": {
        "apotheosis:common": {
            "min": 0.05,
            "max": 0.075
        },
        "apotheosis:uncommon": {
            "min": 0.05,
            "max": 0.075
        },
        "apotheosis:rare": {
            "min": 0.075,
            "max": 0.125
        },
        "apotheosis:epic": {
            "min": 0.075,
            "max": 0.125
        },
        "apotheosis:mythic": {
            "min": 0.1,
            "max": 0.175
        }
    }
}