{
    "type": "apotheosis:attribute",
    "attribute": "minecraft:generic.gravity",
    "categories": [
        "apotheosis:chestplate"
    ],
    "definition": {
        "affix_type": "stat",
        "exclusive_set": [],
        "weights": {
            "quality": 0.1,
            "weight": 25
        }
    },
    "operation": "add_multiplied_total",
    "values": {
        "apotheosis:common": {
            "min": -0.025,
            "max": -0.05,
            "step": -0.0025
        },
        "apotheosis:uncommon": {
            "min": -0.025,
            "max": -0.0625,
            "step": -0.0025
        },
        "apotheosis:rare": {
            "min": -0.0375,
            "max": -0.075,
            "step": -0.0025
        },
        "apotheosis:epic": {
            "min": -0.0375,
            "max": -0.0875,
            "step": -0.0025
        },
        "apotheosis:mythic": {
            "min": -0.05,
            "max": -0.125,
            "step": -0.0025
        }
    }
}