{
  "timeline": [
    {
      "type": "add_holds",
      "holds": ["effects"]
    },
    {
      "type": "animation",
      "animation": ["focusblast", "aurasphere", "special"],
      "delay": 0.3
    },
    {
      "type": "entity_particles",
      "effect": "cobblemon:aura_charge",
      "locators": ["special_attack"],
      "delay": 0.9
    },
    {
      "type": "entity_particles",
      "effect": "cobblemon:aurasphere_actor",
      "locators": ["special_attack"],
      "delay": 0.45
    },
    {
      "type": "entity_particles",
      "entityCondition": "q.entity.is_user == false && q.missed(q.entity.uuid) == false",
      "effect": "cobblemon:aurasphere_target",
      "locators": ["special_attack"],
      "delay": 0.03
    },
    {
      "type": "pause",
      "pause": 0.22
    },
    {
      "type": "entity_particles",
      "entityCondition": "q.entity.is_user == false && q.missed(q.entity.uuid) == false",
      "effect": "cobblemon:aurasphere_impact",
      "locators": ["target"]
    },
    {
      "type": "pause",
      "pause": 0.01
    },
    {
      "type": "remove_holds",
      "holds": ["effects"]
    },
    {
      "type": "pause",
      "pause": 1.8
    }
  ]
}