{
  "timeline": [
    {
      "type": "add_holds",
      "holds": ["effects"]
    },
    {
      "type": "animation",
      "animation": ["bitterblade", "slash", "physical"],
      "delay": 1.2
    },
    {
      "type": "entity_particles",
      "entityCondition": "q.entity.is_user == false && q.missed(q.entity.uuid) == false",
      "effect": "cobblemon:bitterblade_target",
      "locators": ["target"],
      "delay": 0.03
    },
    {
      "type": "pause",
      "pause": 0.17
    },
    {
      "type": "entity_particles",
      "entityCondition": "q.entity.is_user == false && q.missed(q.entity.uuid) == false",
      "effect": "cobblemon:bitterblade_impact",
      "locators": ["target"]
    },
    {
      "type": "pause",
      "pause": 0.01
    },
    {
      "type": "remove_holds",
      "holds": ["effects"]
    },
    {
      "type": "entity_particles",
      "entityCondition": "q.entity.is_user == false && q.missed(q.entity.uuid) == false",
      "effect": "cobblemon:bitterblade_drain",
      "locators": ["target"],
      "delay": 0.6
    },
    {
      "type": "entity_particles",
      "entityCondition": "q.entity.is_user == true && q.missed(q.entity.uuid) == false",
      "effect": "cobblemon:bitterblade_heal",
      "locators": ["target"]
    },
    {
      "type": "pause",
      "pause": 1.8
    }
  ]
}