{
    "timeline": [
        {
            "type": "add_holds",
            "holds": ["effects"]
        },
        {
            "type": "animation",
            "animation": ["bulkup", "status"]
        },
        {
            "type": "pause",
            "pause": 1.3
        },
        {
            "type": "entity_molang",
            "expressions": ["q.play_animation(q.bedrock_stateful('bulkup', 'actor'))"],
            "delay": 1.0
        },
        {
            "type": "pause",
            "pause": 1.8
        },
        {
            "type": "remove_holds",
            "holds": ["effects"]
        },
        {
            "type": "pause",
            "pause": 0.5
        }
    ]
}