{
  "timeline": [
    {
      "type": "add_holds",
      "holds": ["effects"]
    },
    {
      "type": "animation",
      "animation": ["dragonpulse", "dragonbreath", "special"],
      "delay": 0.57
    },
    {
      "type": "entity_particles",
      "effect": "cobblemon:dragon_spark",
      "locators": ["special_attack"],
      "delay": 0.63
    },
    {
      "type": "entity_particles",
      "effect": "cobblemon:dragonpulse_actor",
      "locators": ["special_attack"],
      "delay": 0.45
    },
    {
      "type": "entity_particles",
      "entityCondition": "q.entity.is_user == false && q.missed(q.entity.uuid) == false",
      "effect": "cobblemon:dragonpulse_target",
      "locators": ["special_attack"],
      "delay": 0.03
    },
    {
      "type": "pause",
      "pause": 0.9
    },
    {
      "type": "entity_particles",
      "entityCondition": "q.entity.is_user == false && q.missed(q.entity.uuid) == false",
      "effect": "cobblemon:impact_dragon",
      "locators": ["target"]
    },
    {
      "type": "pause",
      "pause": 0.01
    },
    {
      "type": "remove_holds",
      "holds": ["effects"]
    },
    {
      "type": "pause",
      "pause": 1.8
    }
  ]
}