{
    "type": "apotheosis:mob_effect",
    "definition": {
        "affix_type": "basic_effect",
        "exclusive_set": [],
        "weights": {
            "pinnacle": {
                "quality": 0.75,
                "weight": 20
            }
        }
    },
    "mob_effect": "apothic_attributes:sundering",
    "stack_on_reapply": true,
    "stacking_limit": 4,
    "target": "arrow_target",
    "types": [
        "apotheosis:bow"
    ],
    "values": {
        "apotheosis:mythic": {
            "duration": {
                "min": 20.00,
                "max": 40.00,
                "step": 5.00
            },
            "amplifier": 0.0,
            "cooldown": 40
        }
    }
}