{
    "type": "apotheosis:mob_effect",
    "definition": {
        "affix_type": "basic_effect",
        "exclusive_set": [
            "apotheosis:ranged/mob_effect/blighted"
        ],
        "weights": {
            "pinnacle": {
                "quality": 0.75,
                "weight": 20
            }
        }
    },
    "mob_effect": "minecraft:wither",
    "stack_on_reapply": true,
    "stacking_limit": 4,
    "target": "arrow_target",
    "types": [
        "apotheosis:bow",
        "apotheosis:trident"
    ],
    "values": {
        "apotheosis:mythic": {
            "duration": {
                "min": 25.00,
                "max": 50.00,
                "step": 5.00
            },
            "amplifier": 1.0,
            "cooldown": 40
        }
    }
}