{
  "msd_id": "timegear",
  "item_id": "minecraft:red_dye",
  "item_name": "Time Gear",
  "tradable_form": false,
  "item_description": [],
  "pokemons": [
    "Dialga"
  ],
  "apply_if": [],
  "apply_aspects": [
    "reversion_state=primal"
  ],
  "revert_if": [
    ["primal"]
  ],
  "revert_aspects": [
    "reversion_state=standard"
  ],
  "custom_model_data": 260618,
  "effects": {
    "minecraft": {
      "particle_apply": "minecraft:campfire_cosy_smoke",
      "particle_revert": "minecraft:campfire_cosy_smoke",
      "sound_apply": "minecraft:block.fire.ambient",
      "sound_revert": "minecraft:block.fire.extinguish",
      "particle_apply_amplifier": 1,
      "particle_revert_amplifier": 1
    }
  }
}