{
    "neoforge:conditions": [
        {
            "type": "neoforge:mod_loaded",
            "modid": "curios"
        },
        {
            "type": "neoforge:mod_loaded",
            "modid": "ancientreforging"
        }
    ],
    "type": "apotheosis:attribute",
    "attribute": "minecraft:generic.gravity",
    "categories": [
        "apothic_compats:back",
        "apothic_compats:belt",
        "apothic_compats:body",
        "apothic_compats:bracelet",
        "apothic_compats:charm",
        "apothic_compats:curio",
        "apothic_compats:feet",
        "apothic_compats:hands",
        "apothic_compats:head",
        "apothic_compats:necklace",
        "apothic_compats:ring"
    ],
    "definition": {
        "affix_type": "stat",
        "exclusive_set": [],
        "weights": {
            "quality": 0.1,
            "weight": 25
        }
    },
    "operation": "add_multiplied_total",
    "values": {
        "ancientreforging:ancient": {
            "min": -0.1,
            "max": -0.2125,
            "step": -0.0025
        }
    }
}