{
    "neoforge:conditions": [
        {
            "type": "neoforge:mod_loaded",
            "modid": "malum"
        }
    ],
    "type": "apothic_compats:scythe_executing",
    "definition": {
        "affix_type": "ability",
        "exclusive_set": [],
        "weights": {
            "quality": 0.1,
            "weight": 25
        }
    },
    "values": {
        "apotheosis:epic": {
            "min": 0.025,
            "max": 0.05
        },
        "apotheosis:mythic": {
            "min": 0.0375,
            "max": 0.0625
        }
    }
}