{
    "neoforge:conditions": [
        {
            "type": "neoforge:mod_loaded",
            "modid": "eternal_starlight"
        }
    ],
    "type": "apotheosis:mob_effect",
    "definition": {
        "affix_type": "basic_effect",
        "exclusive_set": [],
        "weights": {
            "quality": 0.1,
            "weight": 25
        }
    },
    "mob_effect": "eternal_starlight:crystalline_infection",
    "stack_on_reapply": true,
    "stacking_limit": 3,
    "target": "attack_target",
    "types": [
        "apotheosis:melee_weapon",
        "apotheosis:trident"
    ],
    "values": {
        "apotheosis:epic": {
            "duration": {
                "min": 30.00,
                "max": 50.00,
                "step": 5.00
            },
            "amplifier": 0.0,
            "cooldown": 80
        },
        "apotheosis:mythic": {
            "duration": {
                "min": 40.00,
                "max": 60.00,
                "step": 5.00
            },
            "amplifier": {
                "min": 0.000,
                "max": 0.250,
                "step": 0.03125
            },
            "cooldown": 80
        }
    }
}