{
	"display": {
		"icon": {
			"id": "cobblemon:pokemon_model",
	"components": {
        "cobblemon:pokemon_item": {"species":"cobblemon:equelpi","aspects":[]}
      }
		},
		"title": {
			"translate": "advancements.cobblemon.catch_lumoran_starters"
		},
		"description": {
			"translate": "advancements.cobblemon.catch_lumoran_starters.description"
		},
		"frame": "challenge",
		"hidden": true
	},
	"parent": "cobblemon:first_catch",	
	"criteria": {
	  "tigriff": {
		"trigger": "cobblemon:party",
		"conditions": {
			"party": [ "cobblemon:tigriff"]
		}
	  },
	  	  "emberam": {
		"trigger": "cobblemon:party",
		"conditions": {
			"party": [ "cobblemon:emberam"]
		}
	  },
	  	  "equelpi": {
		"trigger": "cobblemon:party",
		"conditions": {
			"party": [ "cobblemon:equelpi"]
		}
	  }
	},
	"requirements": [
		["tigriff"],
		["emberam"],
		["equelpi"]
	],
  "rewards": {
    "experience": 100
  },
  "sends_telemetry_event": false
}
