{
	"display": {
		"icon": {
			"id": "cobblemon:pokemon_model",
	"components": {
        "cobblemon:pokemon_item": {"species":"cobblemon:jackalune","aspects":["mochi-soda"]}
      }
		},
		"title": {
			"translate": "advancements.cobblemon.catch_all_mochis"
		},
		"description": {
			"translate": "advancements.cobblemon.catch_all_mochis.description"
		},
		"frame": "challenge"
	},
	"parent": "cobblemon:first_catch",
	"criteria": {
		"vanilla": {
			"trigger": "cobblemon:aspects_collected",
			"conditions": {
				"pokemon": "cobblemon:jackalune",
				"aspects": ["mochi-vanilla"]
			}
		},
		"peach": {
			"trigger": "cobblemon:aspects_collected",
			"conditions": {
				"pokemon": "cobblemon:jackalune",
				"aspects": ["mochi-peach"]
			}
		},
		"choco": {
			"trigger": "cobblemon:aspects_collected",
			"conditions": {
				"pokemon": "cobblemon:jackalune",
				"aspects": ["mochi-choco"]
			}
		},
		"matcha": {
			"trigger": "cobblemon:aspects_collected",
			"conditions": {
				"pokemon": "cobblemon:jackalune",
				"aspects": ["mochi-matcha"]
			}
		},
		"mango": {
			"trigger": "cobblemon:aspects_collected",
			"conditions": {
				"pokemon": "cobblemon:jackalune",
				"aspects": ["mochi-mango"]
			}
		},
		"taro": {
			"trigger": "cobblemon:aspects_collected",
			"conditions": {
				"pokemon": "cobblemon:jackalune",
				"aspects": ["mochi-taro"]
			}
		},
		"soda": {
			"trigger": "cobblemon:aspects_collected",
			"conditions": {
				"pokemon": "cobblemon:jackalune",
				"aspects": ["mochi-soda"]
			}
		}
	},
	"requirements": [
		["vanilla"],
		["peach"],
		["choco"],
		["matcha"],
		["mango"],
		["taro"],
		["soda"]
	],
  "rewards": {
    "experience": 100
  },
  "sends_telemetry_event": false
}
