{
    "type": "apotheosis:attribute",
    "attribute": "minecraft:generic.knockback_resistance",
    "categories": [
        "apotheosis:shield"
    ],
    "definition": {
        "affix_type": "stat",
        "exclusive_set": [],
        "weights": {
            "quality": 0.1,
            "weight": 25
        }
    },
    "operation": "add_value",
    "values": {
        "apotheosis:common": {
            "min": 0.025,
            "max": 0.05
        },
        "apotheosis:uncommon": {
            "min": 0.025,
            "max": 0.05
        },
        "apotheosis:rare": {
            "min": 0.05,
            "max": 0.075
        },
        "apotheosis:epic": {
            "min": 0.05,
            "max": 0.075
        },
        "apotheosis:mythic": {
            "min": 0.0625,
            "max": 0.0875
        }
    }
}