{
    "type": "apotheosis:attribute",
    "attribute": "minecraft:generic.knockback_resistance",
    "categories": [
        "apotheosis:helmet",
        "apotheosis:chestplate",
        "apotheosis:leggings",
        "apotheosis:boots"
    ],
    "definition": {
        "affix_type": "stat",
        "exclusive_set": [],
        "weights": {
            "quality": 0.1,
            "weight": 25
        }
    },
    "operation": "add_value",
    "values": {
        "apotheosis:uncommon": {
            "min": 0.0125,
            "max": 0.025
        },
        "apotheosis:rare": {
            "min": 0.0125,
            "max": 0.025
        },
        "apotheosis:epic": {
            "min": 0.0375,
            "max": 0.05
        },
        "apotheosis:mythic": {
            "min": 0.0625,
            "max": 0.0875
        }
    }
}