{
    "type": "apotheosis:attribute",
    "attribute": "minecraft:generic.armor_toughness",
    "categories": [
        "apotheosis:helmet",
        "apotheosis:chestplate",
        "apotheosis:leggings",
        "apotheosis:boots"
    ],
    "definition": {
        "affix_type": "stat",
        "exclusive_set": [],
        "weights": {
            "quality": 0.1,
            "weight": 25
        }
    },
    "operation": "add_value",
    "values": {
        "apotheosis:rare": 1.0,
        "apotheosis:epic": {
            "min": 0.375,
            "max": 0.750,
            "step": 0.0625
        },
        "apotheosis:mythic": {
            "min": 0.50,
            "max": 1.50,
            "step": 0.0625
        }
    }
}