{
    "neoforge:conditions": [
        {
            "type": "neoforge:mod_loaded",
            "modid": "aether"
        }
    ],
    "type": "apotheosis:mob_effect",
    "definition": {
        "affix_type": "basic_effect",
        "exclusive_set": [],
        "weights": {
            "quality": 0.1,
            "weight": 25
        }
    },
    "mob_effect": "minecraft:levitation",
    "target": "projectile_target",
    "types": [
        "apothic_compats:dart_shooter"
    ],
    "values": {
        "apotheosis:epic": {
            "duration": {
                "min": 5.00,
                "max": 20.00,
                "step": 5.00
            },
            "amplifier": {
                "min": 0.000,
                "max": 0.250,
                "step": 0.0625
            },
            "cooldown": 140
        },
        "apotheosis:mythic": {
            "duration": {
                "min": 5.00,
                "max": 25.00,
                "step": 5.00
            },
            "amplifier": {
                "min": 0.000,
                "max": 0.50,
                "step": 0.0625
            },
            "cooldown": 140
        }
    }
}