{
    "neoforge:conditions": [
        {
            "type": "neoforge:mod_loaded",
            "modid": "curios"
        }
    ],
    "type": "apotheosis:attribute",
    "attribute": "minecraft:generic.max_health",
    "categories": [
        "apothic_compats:back",
        "apothic_compats:belt",
        "apothic_compats:body",
        "apothic_compats:bracelet",
        "apothic_compats:charm",
        "apothic_compats:curio",
        "apothic_compats:feet",
        "apothic_compats:hands",
        "apothic_compats:head",
        "apothic_compats:necklace",
        "apothic_compats:ring"
    ],
    "definition": {
        "affix_type": "stat",
        "exclusive_set": [],
        "weights": {
            "quality": 0.1,
            "weight": 25
        }
    },
    "operation": "add_value",
    "values": {
        "apotheosis:common": {
            "min": 0.250,
            "max": 0.50,
            "step": 0.0625
        },
        "apotheosis:uncommon": {
            "min": 0.50,
            "max": 0.750,
            "step": 0.0625
        },
        "apotheosis:rare": {
            "min": 0.750,
            "max": 1.00,
            "step": 0.0625
        },
        "apotheosis:epic": {
            "min": 1.00,
            "max": 1.250,
            "step": 0.0625
        },
        "apotheosis:mythic": {
            "min": 1.250,
            "max": 1.50,
            "step": 0.0625
        }
    }
}