{
    "neoforge:conditions": [
        {
            "type": "neoforge:mod_loaded",
            "modid": "curios"
        },
        {
            "type": "neoforge:mod_loaded",
            "modid": "ars_nouveau"
        }
    ],
    "type": "apotheosis:attribute",
    "attribute": "ars_nouveau:ars_nouveau.perk.max_mana",
    "categories": [
        "apothic_compats:back",
        "apothic_compats:belt",
        "apothic_compats:body",
        "apothic_compats:bracelet",
        "apothic_compats:charm",
        "apothic_compats:curio",
        "apothic_compats:feet",
        "apothic_compats:hands",
        "apothic_compats:head",
        "apothic_compats:necklace",
        "apothic_compats:ring"
    ],
    "definition": {
        "affix_type": "stat",
        "exclusive_set": [],
        "weights": {
            "quality": 0.1,
            "weight": 25
        }
    },
    "operation": "add_value",
    "values": {
        "apotheosis:common": {
            "min": 1.250,
            "max": 3.750
        },
        "apotheosis:uncommon": {
            "min": 5.00,
            "max": 7.50
        },
        "apotheosis:rare": {
            "min": 8.750,
            "max": 11.250
        },
        "apotheosis:epic": {
            "min": 12.50,
            "max": 15.00
        },
        "apotheosis:mythic": {
            "min": 16.250,
            "max": 18.750
        }
    }
}