{
    "neoforge:conditions": [
        {
            "type": "neoforge:mod_loaded",
            "modid": "curios"
        },
        {
            "type": "neoforge:mod_loaded",
            "modid": "ars_nouveau"
        }
    ],
    "type": "apotheosis:attribute",
    "attribute": "ars_nouveau:ars_nouveau.perk.spell_damage",
    "categories": [
        "apothic_compats:back",
        "apothic_compats:belt",
        "apothic_compats:body",
        "apothic_compats:bracelet",
        "apothic_compats:charm",
        "apothic_compats:curio",
        "apothic_compats:feet",
        "apothic_compats:hands",
        "apothic_compats:head",
        "apothic_compats:necklace",
        "apothic_compats:ring"
    ],
    "definition": {
        "affix_type": "stat",
        "exclusive_set": [],
        "weights": {
            "quality": 0.1,
            "weight": 25
        }
    },
    "operation": "add_multiplied_total",
    "values": {
        "apotheosis:common": {
            "min": 0.0125,
            "max": 0.025
        },
        "apotheosis:uncommon": {
            "min": 0.03125,
            "max": 0.04375
        },
        "apotheosis:rare": {
            "min": 0.05,
            "max": 0.0625
        },
        "apotheosis:epic": {
            "min": 0.06875,
            "max": 0.08125
        },
        "apotheosis:mythic": {
            "min": 0.0875,
            "max": 0.1
        }
    }
}