{
  "msd_id": "airbaloon",
  "item_id": "cobblemon:air_balloon",
  "item_name": "§rAir Baloon",
  "item_description": [],
  "consume": 0,
  "pokemons": [
    "Drifloon",
	"Driflbim"
  ],
  "apply_if": [],
  "apply_aspects": [
    "airballoon=true"
  ],
  "revert_if": [
	["airballoon"]
  ],
  "revert_aspects": [
    "airballoon=false"
  ],
  "custom_model_data": 0,
  "tradable_form": true,
  "effects": {
    "minecraft": {
      "particle_apply": "minecraft:cloud",
      "particle_revert": "minecraft:white_ash",
      "sound_apply": "minecraft:entity.allay.item_given",
      "sound_revert": "minecraft:entity.allay.item_taken",
      "particle_apply_amplifier": 1,
      "particle_revert_amplifier": 1
    }
  }
}