{
  "msd_id": "diamond",
  "item_id": "minecraft:diamond",
  "item_name": "§rDiamond",
  "item_description": [],
  "consume": 0,
  "pokemons": [
    "Roggenrola",
	"Boldore",
	"Gigalith"
  ],
  "apply_if": [],
  "apply_aspects": [
    "ore=diamond"
  ],
  "revert_if": [
	["diamond-ore"]
  ],
  "revert_aspects": [
    "ore=basic"
  ],
  "custom_model_data": 0,
  "tradable_form": true,
  "effects": {
    "minecraft": {
      "particle_apply": "minecraft:sweep_attack",
      "particle_revert": "minecraft:white_ash",
      "sound_apply": "minecraft:block.anvil.use",
      "sound_revert": "minecraft:entity.allay.item_taken",
      "particle_apply_amplifier": 1,
      "particle_revert_amplifier": 1
    }
  }
}