{
  "msd_id": "ancient_citrine_ball",
  "item_id": "cobblemon:ancient_citrine_ball",
  "item_name": "§rCitrine Ball",
  "item_description": [],
  "consume": 0,
  "pokemons": [
    "Electrode",
	"Voltorb"
  ],
  "apply_if": [["hisuian"]],
  "apply_aspects": [
    "ball=citrine"
  ],
  "revert_if": [
	["citrine-ball"]
  ],
  "revert_aspects": [
    "ball=poke"
  ],
  "custom_model_data": 0,
  "tradable_form": true,
  "effects": {
    "minecraft": {
      "particle_apply": "minecraft:poof",
      "particle_revert": "minecraft:white_ash",
      "sound_apply": "minecraft:block.sweet_berry_bush.pick_berries",
      "sound_revert": "minecraft:entity.sheep.shear",
      "particle_apply_amplifier": 1,
      "particle_revert_amplifier": 1
    }
  }
}