{
  "msd_id": "premierball",
  "item_id": "cobblemon:premier_ball",
  "item_name": "§rPremier Ball",
  "item_description": [],
  "consume": 0,
  "pokemons": [
    "Electrode",
	"Voltorb"
  ],
   "blacklist_aspects": [
    [
      "hisuian"
    ]
  ],
  "apply_if": [],
  "apply_aspects": [
    "ball=premium"
  ],
  "revert_if": [
	["premium-ball"]
  ],
  "revert_aspects": [
    "ball=poke"
  ],
  "custom_model_data": 0,
  "tradable_form": true,
  "effects": {
    "minecraft": {
      "particle_apply": "minecraft:sonic_boom",
      "particle_revert": "minecraft:white_ash",
      "sound_apply": "minecraft:entity.allay.ambient_without_item",
      "sound_revert": "minecraft:entity.allay.item_taken",
      "particle_apply_amplifier": 1,
      "particle_revert_amplifier": 1
    }
  }
}