{
    "type": "apotheosis:attribute",
    "attribute": "apothic_attributes:draw_speed",
    "categories": [
        "apotheosis:bow"
    ],
    "definition": {
        "affix_type": "stat",
        "exclusive_set": [],
        "weights": {
            "quality": 0.1,
            "weight": 25
        }
    },
    "operation": "add_multiplied_total",
    "values": {
        "apotheosis:common": {
            "min": 0.05,
            "max": 0.1
        },
        "apotheosis:uncommon": {
            "min": 0.05,
            "max": 0.1
        },
        "apotheosis:rare": {
            "min": 0.075,
            "max": 0.125
        },
        "apotheosis:epic": {
            "min": 0.125,
            "max": 0.15
        },
        "apotheosis:mythic": {
            "min": 0.125,
            "max": 0.1625
        }
    }
}