{
  "target": "cobblemon:mew",
  "evolutions": [
    {
      "id": "mew_cafe_mew",
      "variant": "item_interact",
      "result": "cafe_mew",
      "consumeHeldItem": false,
      "learnableMoves": [],
      "requirements": [],
      "requiredContext": "minecraft:brown_wool"
    },
    {
      "id": "mew_kimono_mew",
      "variant": "item_interact",
      "result": "kimono_mew",
      "consumeHeldItem": false,
      "learnableMoves": [],
      "requirements": [],
      "requiredContext": "minecraft:lime_wool"
    }
  ]
}
