{
    "type": "apotheosis:mob_effect",
    "definition": {
        "affix_type": "basic_effect",
        "exclusive_set": [],
        "weights": {
            "quality": 0.1,
            "weight": 25
        }
    },
    "mob_effect": "apothic_attributes:grievous",
    "target": "arrow_target",
    "types": [
        "apotheosis:bow",
        "apotheosis:trident"
    ],
    "values": {
        "apotheosis:uncommon": {
            "duration": 50.00,
            "amplifier": 0.0,
            "cooldown": 500
        },
        "apotheosis:rare": {
            "duration": {
                "min": 50.00,
                "max": 75.00,
                "step": 5.00
            },
            "amplifier": 0.0,
            "cooldown": 500
        },
        "apotheosis:epic": {
            "duration": {
                "min": 50.00,
                "max": 75.00,
                "step": 5.00
            },
            "amplifier": {
                "min": 0.000,
                "max": 0.250,
                "step": 0.0625
            },
            "cooldown": 400
        },
        "apotheosis:mythic": {
            "duration": {
                "min": 50.00,
                "max": 75.00,
                "step": 5.00
            },
            "amplifier": {
                "min": 0.000,
                "max": 0.50,
                "step": 0.0625
            },
            "cooldown": 400
        }
    }
}