{
    "type": "apotheosis:damage_reduction",
    "categories": [
        "apotheosis:chestplate",
        "apotheosis:leggings"
    ],
    "damage_type": "physical",
    "definition": {
        "affix_type": "ability",
        "exclusive_set": [],
        "weights": {
            "quality": 0.1,
            "weight": 25
        }
    },
    "values": {
        "apotheosis:common": {
            "min": 0.0025,
            "max": 0.0125
        },
        "apotheosis:uncommon": {
            "min": 0.0025,
            "max": 0.0125
        },
        "apotheosis:rare": {
            "min": 0.0125,
            "max": 0.025
        },
        "apotheosis:epic": {
            "min": 0.0125,
            "max": 0.025
        },
        "apotheosis:mythic": {
            "min": 0.0125,
            "max": 0.0375
        }
    }
}