{
    "type": "apotheosis:damage_reduction",
    "categories": [
        "apotheosis:helmet",
        "apotheosis:chestplate"
    ],
    "damage_type": "projectile",
    "definition": {
        "affix_type": "basic_effect",
        "exclusive_set": [],
        "weights": {
            "quality": 0.1,
            "weight": 25
        }
    },
    "values": {
        "apotheosis:common": {
            "min": 0.0125,
            "max": 0.025
        },
        "apotheosis:uncommon": {
            "min": 0.025,
            "max": 0.0375
        },
        "apotheosis:rare": {
            "min": 0.0375,
            "max": 0.05
        },
        "apotheosis:epic": {
            "min": 0.0375,
            "max": 0.05
        },
        "apotheosis:mythic": {
            "min": 0.0375,
            "max": 0.075
        }
    }
}