{
    "type": "apotheosis:gem",
    "constraints": {
        "dimensions": [
            "minecraft:the_nether"
        ]
    },
    "min_purity": "flawed",
    "unique": true,
    "weights": {
        "ascent": {
            "quality": 2.0,
            "weight": 50
        },
        "summit": {
            "quality": 2.0,
            "weight": 50
        },
        "pinnacle": {
            "quality": 2.0,
            "weight": 50
        }
    },
    "bonuses": [
        {
            "type": "apotheosis:multi_attribute",
            "desc": "bonus.apotheosis:multi_attr.desc.and",
            "gem_class": {
                "key": "light_weapon",
                "types": [
                    "apotheosis:melee_weapon",
                    "apotheosis:trident"
                ]
            },
            "modifiers": [
                {
                    "attribute": "apothic_attributes:life_steal",
                    "operation": "add_value",
                    "values": {
                        "flawed": 0.1,
                        "normal": 0.125,
                        "flawless": 0.15,
                        "perfect": 0.15
                    }
                },
                {
                    "attribute": "apothic_attributes:life_steal",
                    "operation": "add_multiplied_total",
                    "values": {
                        "flawed": 0.05,
                        "normal": 0.1,
                        "flawless": 0.2,
                        "perfect": 0.3
                    }
                }
            ]
        },
        {
            "type": "apotheosis:multi_attribute",
            "desc": "bonus.apotheosis:multi_attr.desc.and",
            "gem_class": "apotheosis:helmet",
            "modifiers": [
                {
                    "attribute": "minecraft:generic.attack_damage",
                    "operation": "add_multiplied_total",
                    "values": {
                        "flawed": 0.25,
                        "normal": 0.35,
                        "flawless": 0.45,
                        "perfect": 0.6
                    }
                },
                {
                    "attribute": "minecraft:generic.max_health",
                    "operation": "add_multiplied_total",
                    "values": {
                        "flawed": -0.3,
                        "normal": -0.4,
                        "flawless": -0.5,
                        "perfect": -0.65
                    }
                }
            ]
        },
        {
            "type": "apotheosis:attribute",
            "attribute": "apothic_attributes:healing_received",
            "gem_class": "apotheosis:chestplate",
            "operation": "add_multiplied_base",
            "values": {
                "flawed": 0.2,
                "normal": 0.3,
                "flawless": 0.4,
                "perfect": 0.5
            }
        },
        {
            "type": "apotheosis:bloody_arrow",
            "values": {
                "flawed": {
                    "cooldown": 450,
                    "damage_mult": 1.6,
                    "health_cost": 0.2
                },
                "normal": {
                    "cooldown": 450,
                    "damage_mult": 1.9,
                    "health_cost": 0.3
                },
                "flawless": {
                    "cooldown": 450,
                    "damage_mult": 2.2,
                    "health_cost": 0.4
                },
                "perfect": {
                    "cooldown": 450,
                    "damage_mult": 2.5,
                    "health_cost": 0.5
                }
            }
        },
        {
            "type": "apotheosis:leech_block",
            "values": {
                "flawed": {
                    "cooldown": 450,
                    "heal_factor": 0.25
                },
                "normal": {
                    "cooldown": 450,
                    "heal_factor": 0.4
                },
                "flawless": {
                    "cooldown": 450,
                    "heal_factor": 0.55
                },
                "perfect": {
                    "cooldown": 450,
                    "heal_factor": 0.65
                }
            }
        }
    ]
}