{
    "type": "apotheosis:gem",
    "constraints": {
        "dimensions": [
            "minecraft:the_nether"
        ]
    },
    "min_purity": "flawed",
    "unique": true,
    "weights": {
        "ascent": {
            "quality": 2.0,
            "weight": 50
        },
        "summit": {
            "quality": 2.0,
            "weight": 50
        },
        "pinnacle": {
            "quality": 2.0,
            "weight": 50
        }
    },
    "bonuses": [
        {
            "type": "apotheosis:mob_effect",
            "gem_class": {
                "key": "light_weapon",
                "types": [
                    "apotheosis:melee_weapon",
                    "apotheosis:trident"
                ]
            },
            "mob_effect": "apothic_attributes:detonation",
            "target": "attack_target",
            "values": {
                "flawless": {
                    "duration": 20.0,
                    "amplifier": 0,
                    "cooldown": 1200
                },
                "perfect": {
                    "duration": 20.0,
                    "amplifier": 1,
                    "cooldown": 1200
                }
            }
        },
        {
            "type": "apotheosis:enchantment",
            "enchantment": "apothic_enchanting:berserkers_fury",
            "gem_class": "apotheosis:chestplate",
            "values": {
                "flawed": 1,
                "normal": 1,
                "flawless": 2,
                "perfect": 2
            }
        },
        {
            "type": "apotheosis:enchantment",
            "enchantment": "minecraft:efficiency",
            "gem_class": "apotheosis:breaker",
            "values": {
                "flawed": 1,
                "normal": 2,
                "flawless": 3,
                "perfect": 4
            }
        },
        {
            "type": "apotheosis:attribute",
            "attribute": "apothic_attributes:fire_damage",
            "gem_class": "apotheosis:helmet",
            "operation": "add_multiplied_total",
            "values": {
                "flawed": 0.5,
                "normal": 0.625,
                "flawless": 0.75,
                "perfect": 0.9
            }
        }
    ]
}