{
    "neoforge:conditions": [
        {
            "type": "neoforge:mod_loaded",
            "modid": "malum"
        },
        {
            "type": "neoforge:mod_loaded",
            "modid": "ancientreforging"
        }
    ],
    "type": "apotheosis:thunderstruck",
    "categories": [
        "apothic_compats:scythe"
    ],
    "definition": {
        "affix_type": "ability",
        "exclusive_set": [],
        "weights": {
            "quality": 0.1,
            "weight": 25
        }
    },
    "values": {
        "ancientreforging:ancient": {
            "min": 1.750,
            "max": 2.750,
            "step": 0.250
        }
    }
}