{
    "species": "cobblemon:grotle",
    "order": 1,
    "variations": [
        {
            "aspects": ["dawnian"],
            "poser": "cobblemon:grotle_dawnian",
            "model": "cobblemon:grotle_dawnian.geo",
            "texture": "cobblemon:textures/pokemon/0388_grotle/grotle_dawnian.png",
            "layers": []
        },
        {
            "aspects": ["dawnian", "shiny"],
            "texture": "cobblemon:textures/pokemon/0388_grotle/grotle_dawnian_shiny.png"
        }
    ]
}