{
    "neoforge:conditions": [
        {
            "type": "neoforge:mod_loaded",
            "modid": "malum"
        }
    ],
    "type": "apotheosis:attribute",
    "attribute": "minecraft:generic.attack_damage",
    "categories": [
        "apothic_compats:staff"
    ],
    "definition": {
        "affix_type": "stat",
        "exclusive_set": [],
        "weights": {
            "quality": 0.1,
            "weight": 25
        }
    },
    "operation": "add_value",
    "values": {
        "apotheosis:common": {
            "min": 0.250,
            "max": 0.50,
            "step": 0.0625
        },
        "apotheosis:uncommon": {
            "min": 0.250,
            "max": 0.50,
            "step": 0.0625
        },
        "apotheosis:rare": {
            "min": 0.50,
            "max": 1.00,
            "step": 0.0625
        },
        "apotheosis:epic": {
            "min": 0.750,
            "max": 1.250,
            "step": 0.0625
        },
        "apotheosis:mythic": {
            "min": 1.00,
            "max": 1.750,
            "step": 0.0625
        }
    }
}