{
    "neoforge:conditions": [
        {
            "type": "neoforge:mod_loaded",
            "modid": "malum"
        },
        {
            "type": "neoforge:mod_loaded",
            "modid": "ancientreforging"
        }
    ],
    "type": "apotheosis:mob_effect",
    "definition": {
        "affix_type": "basic_effect",
        "exclusive_set": [
            "apotheosis:staff/melee/mob_effect/sophisticated"
        ],
        "weights": {
            "pinnacle": {
                "quality": 5.0,
                "weight": 20
            }
        }
    },
    "mob_effect": "apothic_attributes:knowledge",
    "stack_on_reapply": true,
    "target": "attack_self",
    "types": [
        "apothic_compats:staff"
    ],
    "values": {
        "ancientreforging:ancient": {
            "duration": {
                "min": 62.50,
                "max": 112.50,
                "step": 5.00
            },
            "amplifier": {
                "min": 0.000,
                "max": 0.50,
                "step": 0.0625
            },
            "cooldown": 40
        }
    }
}