{
    "enabled": true,
    "neededInstalledMods": [],
    "neededUninstalledMods": [],
    "spawns": [
        {
            "id": "beedrill-1",
            "pokemon": "beedrill",
            "presets": [
                "natural"
            ],
            "type": "pokemon",
            "context": "grounded",
            "bucket": "common",
            "level": "10-40",
            "weight": 1.0,
            "condition": {
                "minSkyLight": 8,
                "maxSkyLight": 15,
                "biomes": [
                    "#cobblemon:is_forest",
                    "#cobblemon:is_jungle",
                    "aether:skyroot_forest",
                    "aether:skyroot_woodland"
                ],
                "timeRange": "day",
                "isRaining": false
            },
            "anticondition": {
                "biomes": [
                    "#cobblemon:is_freezing"
                ]
            }
        },
        {
            "id": "beedrill-2",
            "pokemon": "beedrill",
            "type": "pokemon",
            "context": "grounded",
            "bucket": "common",
            "level": "10-40",
            "weight": 5.0,
            "condition": {
                "biomes": [
                    "#the_bumblezone:the_bumblezone"
                ]
            },
            "anticondition": {
                "structures": [
                    "#the_bumblezone:sempiternal_sanctums"
                ]
            }
        }
    ]
}