{
    "enabled": true,
    "neededInstalledMods": [],
    "neededUninstalledMods": [],
    "spawns": [
        {
            "id": "sandslash-1",
            "pokemon": "sandslash",
            "presets": [
                "natural"
            ],
            "type": "pokemon",
            "context": "grounded",
            "bucket": "common",
            "level": "22-45",
            "weight": 1.0,
            "condition": {
                "biomes": [
                    "#cobblemon:is_badlands",
                    "#cobblemon:is_desert"
                ]
            }
        },
        {
            "id": "sandslash-2",
            "pokemon": "sandslash alolan",
            "presets": [
                "natural"
            ],
            "type": "pokemon",
            "context": "grounded",
            "bucket": "rare",
            "level": "22-45",
            "weight": 1.2,
            "condition": {
                "biomes": [
                    "#cobblemon:is_snowy_taiga",
                    "#cobblemon:is_freezing"
                ]
            }
        }
    ]
}