{
    "enabled": true,
    "neededInstalledMods": [],
    "neededUninstalledMods": [],
    "spawns": [
        {
            "id": "growlithe-1",
            "pokemon": "growlithe",
            "presets": [
                "natural",
                "urban"
            ],
            "type": "pokemon",
            "context": "grounded",
            "bucket": "common",
            "level": "10-35",
            "weight": 5.7,
            "condition": {
                "minSkyLight": 8,
                "maxSkyLight": 15,
                "biomes": [
                    "#cobblemon:is_overworld"
                ]
            },
            "anticondition": {
                "biomes": [
                    "#cobblemon:is_desert"
                ]
            }
        },
        {
            "id": "growlithe-2",
            "pokemon": "growlithe",
            "presets": [
                "natural"
            ],
            "type": "pokemon",
            "context": "grounded",
            "bucket": "common",
            "level": "10-35",
            "weight": 5.7,
            "condition": {
                "minSkyLight": 8,
                "maxSkyLight": 15,
                "biomes": [
                    "#cobblemon:is_overworld"
                ],
                "structures": [
                    "#minecraft:village"
                ]
            },
            "anticondition": {
                "biomes": [
                    "#cobblemon:is_desert"
                ]
            }
        },
        {
            "id": "growlithe-hisui-1",
            "pokemon": "growlithe hisuian",
            "presets": [
                "natural"
            ],
            "type": "pokemon",
            "context": "grounded",
            "bucket": "uncommon",
            "level": "14-37",
            "weight": 1.0,
            "condition": {
                "canSeeSky": true,
                "biomes": [
                    "#cobblemon:is_peak"
                ]
            }
        },
        {
            "id": "growlithe-hisui-2",
            "pokemon": "growlithe hisuian",
            "presets": [
                "natural"
            ],
            "type": "pokemon",
            "context": "grounded",
            "bucket": "uncommon",
            "level": "38-57",
            "weight": 1.1,
            "condition": {
                "canSeeSky": true,
                "biomes": [
                    "#cobblemon:nether/is_basalt"
                ]
            }
        }
    ]
}