{
    "enabled": true,
    "neededInstalledMods": [],
    "neededUninstalledMods": [],
    "spawns": [
        {
            "id": "slowpoke-1",
            "pokemon": "slowpoke",
            "presets": [
                "natural"
            ],
            "type": "pokemon",
            "context": "grounded",
            "bucket": "common",
            "level": "7-32",
            "weight": 5.4,
            "condition": {
                "timeRange": "6000-13000",
                "canSeeSky": true,
                "biomes": [
                    "#cobblemon:is_beach"
                ]
            }
        },
        {
            "id": "slowpoke-galarian-2",
            "pokemon": "slowpoke galarian",
            "presets": [ 
                "natural" 
            ],
            "type": "pokemon",
            "context": "grounded",
            "bucket": "rare",
            "level": "10-25",
            "weight": 1.2,
            "condition":  {
                "timeRange": "6000-13000",
                "biomes": [
                    "minecraft:mangrove_swamp"
                ]
            }
        }
    ]
}