{
    "enabled": true,
    "neededInstalledMods": [],
    "neededUninstalledMods": [],
    "spawns": [
        {
            "id": "slowbro-1",
            "pokemon": "slowbro",
            "presets": [
                "natural"
            ],
            "type": "pokemon",
            "context": "grounded",
            "bucket": "common",
            "level": "37-49",
            "weight": 0.54,
            "condition": {
                "timeRange": "6000-13000",
                "canSeeSky": true,
                "biomes": [
                    "#cobblemon:is_beach"
                ]
            }
        },
        {
            "id": "slowbro-2",
            "pokemon": "slowbro galarian",
            "presets": [ 
                "natural" 
            ],
            "type": "pokemon",
            "context": "grounded",
            "bucket": "rare",
            "level": "30-50",
            "weight": 1.0,
            "condition":  {
                "timeRange": "6000-13000",
                "biomes": [
                    "minecraft:mangrove_swamp"
                ]
            }
        }
    ]
}