{
    "enabled": true,
    "neededInstalledMods": [],
    "neededUninstalledMods": [],
    "spawns": [
       {
            "id": "mrmime-1",
            "pokemon": "mrmime",
            "presets": [
                "natural",
                "urban"
            ],
            "type": "pokemon",
            "context": "grounded",
            "bucket": "uncommon",
            "level": "26-46",
            "weight": 1.0,
            "condition": {
                "canSeeSky": true,
                "biomes": [
                    "minecraft:birch_forest"
                ]
            },
            "anticondition": {
                "biomes": [
                    "#cobblemon:is_freezing"
                ]
            }
        },
        {
            "id": "mrmime-2",
            "pokemon": "mrmime",
            "presets": [
                "natural",
                "village"
            ],
            "type": "pokemon",
            "context": "grounded",
            "bucket": "uncommon",
            "level": "26-46",
            "weight": 1.0,
            "condition": {
                "canSeeSky": true,
                "biomes": [
                    "minecraft:birch_forest"
                ]
            },
            "anticondition": {
                "biomes": [
                    "#cobblemon:is_freezing"
                ]
            }
        },
        {
            "id": "mrmime-3",
            "pokemon": "mrmime",
            "presets": [
                "mansion"
            ],
            "type": "pokemon",
            "context": "grounded",
            "bucket": "common",
            "level": "26-46",
            "weight": 0.2,
            "condition": {
                "canSeeSky": false,
                "biomes": [
                    "minecraft:birch_forest"
                ]
            }
        },
        {
            "id": "mrmime-galarian-4",
            "pokemon": "mrmime galarian",
            "presets": [
                "village"
            ],
            "type": "pokemon",
            "context": "grounded",
            "bucket": "uncommon",
            "level": "26-46",
            "weight": 4.4,
            "condition": {
                "canSeeSky": true,
                "biomes": [
                    "#cobblemon:is_snowy_forest"
                ]
            }
        },
        {
            "id": "mrmime-galarian-4",
        "pokemon": "mrmime galarian",
        "presets": [
            "natural"
        ],
        "type": "pokemon",
        "context": "grounded",
        "bucket": "rare",
        "level": "26-46",
        "weight": 4.4,
        "condition": {
            "canSeeSky": true,
            "biomes": [
                "#cobblemon:is_snowy_forest"
            ]
        }
    }
]
}