{
    "enabled": true,
    "neededInstalledMods": [],
    "neededUninstalledMods": [],
    "spawns": [
        {
            "id": "pinsir-1",
            "pokemon": "pinsir",
            "presets": [
                "natural",
                "wild"
            ],
            "type": "pokemon",
            "context": "grounded",
            "bucket": "rare",
            "level": "25-50",
            "weight": 10.0,
            "condition": {
                "minSkyLight": 8,
                "maxSkyLight": 15,
                "biomes": [
                    "#cobblemon:is_jungle",
                    "#cobblemon:is_tropical_island"
                ],
                "timeRange": "night"
            }
        },
        {
            "id": "pinsir-2",
            "pokemon": "pinsir",
            "presets": [
                "natural"
            ],
            "type": "pokemon",
            "context": "grounded",
            "bucket": "rare",
            "level": "25-50",
            "weight": 10.0,
            "condition": {
                "minSkyLight": 8,
                "maxSkyLight": 15,
                "biomes": [
                    "aether:skyroot_forest",
                    "aether:skyroot_woodland"
                ]
            }
        }
    ]
}