{
    "enabled": true,
    "neededInstalledMods": [],
    "neededUninstalledMods": [],
    "spawns": [
        {
            "id": "dragonite-1",
            "pokemon": "dragonite",
            "presets": [
                "natural"
            ],
            "type": "pokemon",
            "context": "grounded",
            "bucket": "rare",
            "level": "55-60",
            "weight": 0.25,
            "condition": {
                "minSkyLight": 0,
                "maxSkyLight": 7,
                "biomes": [
                    "#cobblemon:is_overworld"
                ],
                "maxY": 32,
                "neededNearbyBlocks": [
                    "#minecraft:water"
                ]
            }
        },
        {
            "id": "dragonite-2",
            "pokemon": "dragonite",
            "presets": [
                "water",
                "ocean_ruins"
            ],
            "type": "pokemon",
            "context": "submerged",
            "bucket": "uncommon",
            "level": "55-60",
            "weight": 1.6,
            "condition": {
                "canSeeSky": true,
                "biomes": [
                    "#cobblemon:is_ocean"
                ]
            }
        },
        {
            "id": "dragonite-4",
            "pokemon": "dragonite",
            "presets": [
                "natural"
            ],
            "type": "pokemon",
            "context": "grounded",
            "bucket": "ultra-rare",
            "level": "55-60",
            "weight": 0.4,
            "condition": {
                "minSkyLight": 8,
                "maxSkyLight": 15,
                "biomes": [
                    "#cobblemon:is_sky"
                ],
                "isRaining": true
            }
        },
        {
            "id": "dragonite-5",
            "pokemon": "dragonite",
            "type": "pokemon",
            "context": "fishing",
            "bucket": "rare",
            "level": "55-60",
            "weight": 0.05,
            "condition": {
                "minSkyLight": 0,
                "maxSkyLight": 7,
                "biomes": [
                    "#aether:is_aether",
                    "#cobblemon:is_overworld"
                ],
                "maxY": 32
            }
        },
        {
            "id": "dragonite-6",
            "pokemon": "dragonite",
            "type": "pokemon",
            "context": "fishing",
            "bucket": "ultra-rare",
            "level": "55-60",
            "weight": 0.4,
            "condition": {
                "canSeeSky": true,
                "biomes": [
                    "#aether:is_aether",
                    "#cobblemon:is_magical",
                    "#cobblemon:is_ocean"
                ]
            },
            "anticondition": {
                "biomes": [
                    "#cobblemon:is_frozen_ocean"
                ]
            }
        },
        {
            "id": "dragonite-7",
            "pokemon": "dragonite",
            "presets": [
                "water",
                "ocean_ruins"
            ],
            "type": "pokemon",
            "context": "submerged",
            "bucket": "uncommon",
            "level": "55-60",
            "weight": 1.6,
            "condition": {
                "canSeeSky": false,
                "minSkyLight": 8,
                "maxSkyLight": 15,
                "biomes": [
                    "#cobblemon:is_ocean"
                ]
            }
        },
        {
            "id": "dragonite-8",
            "pokemon": "dragonite",
            "type": "pokemon",
            "context": "fishing",
            "bucket": "ultra-rare",
            "level": "55-60",
            "weight": 0.4,
            "condition": {
                "canSeeSky": false,
                "minSkyLight": 8,
                "maxSkyLight": 15,
                "biomes": [
                    "#aether:is_aether",
                    "#cobblemon:is_magical",
                    "#cobblemon:is_ocean"
                ]
            },
            "anticondition": {
                "biomes": [
                    "#cobblemon:is_frozen_ocean"
                ]
            }
        }
    ]
}