{
    "enabled": true,
    "neededInstalledMods": [],
    "neededUninstalledMods": [],
    "spawns": [
        {
            "id": "togetic-1",
            "pokemon": "togetic",
            "presets": [
                "natural"
            ],
            "type": "pokemon",
            "context": "grounded",
            "bucket": "ultra-rare",
            "level": "5-21",
            "weight": 1.0,
            "weightMultiplier": {
                "multiplier": 1.5,
                "condition": {
                    "timeRange": "day"
                }
            },
            "condition": {
                "minSkyLight": 8,
                "maxSkyLight": 15,
                "biomes": [
                    "#cobblemon:is_floral"
                ]
            }
        },
        {
            "id": "togetic-2",
            "pokemon": "togetic",
            "presets": [
                "natural"
            ],
            "type": "pokemon",
            "context": "grounded",
            "bucket": "ultra-rare",
            "level": "5-21",
            "weight": 1.8,
            "weightMultiplier": {
                "multiplier": 1.5,
                "condition": {
                    "timeRange": "day"
                }
            },
            "condition": {
                "minSkyLight": 8,
                "maxSkyLight": 15,
                "biomes": [
                    "#cobblemon:is_plains"
                ]
            },
            "anticondition": {
                "biomes": [
                    "#cobblemon:is_freezing"
                ]
            }
        }
    ]
}