{
    "enabled": true,
    "neededInstalledMods": [],
    "neededUninstalledMods": [],
    "spawns": [
        {
            "id": "azumarill-1",
            "pokemon": "azumarill",
            "presets": [
                "sand"
            ],
            "type": "pokemon",
            "context": "grounded",
            "bucket": "rare",
            "level": "23-55",
            "weight": 2.5,
            "condition": {
                "canSeeSky": true,
                "biomes": [
                    "#cobblemon:is_river"
                ]
            }
        },
        {
            "id": "azumarill-2",
            "pokemon": "azumarill",
            "presets": [
                "sand"
            ],
            "type": "pokemon",
            "context": "grounded",
            "bucket": "rare",
            "level": "23-52",
            "weight": 3.0,
            "condition": {
                "canSeeSky": true,
                "biomes": [
                    "#cobblemon:is_beach"
                ]
            }
        }
    ]
}