{
    "enabled": "true",
    "neededInstalledMods": [],
    "neededUninstalledMods": [],
    "spawns": [
        {
            "id": "hoppip-1",
            "pokemon": "hoppip",
            "type": "pokemon",
            "context": "grounded",
            "bucket": "common",
            "level": "4-25",
            "weight": 5.7,
            "condition": {
                "canSeeSky": true,
                "biomes": [
                    "#cobblemon:is_plains",
                    "#cobblemon:is_floral"
                ],
                "timeRange": "6000-12000",
                "isRaining": false
            }
        }
    ]
}