{
    "enabled": true,
    "neededInstalledMods": [],
    "neededUninstalledMods": [],
    "spawns": [
        {
            "id": "dunsparce-1",
            "pokemon": "dunsparce",
            "presets": [
                "natural",
                "wild"
            ],
            "type": "pokemon",
            "context": "grounded",
            "bucket": "rare",
            "level": "15-35",
            "weight": 2.9,
            "condition": {
                "timeRange": "night",
                "biomes": [
                    "#cobblemon:is_arid"
                ]
            }
        },
        {
            "id": "dunsparce-2",
            "pokemon": "dunsparce",
            "presets": [
                "underground"
            ],
            "type": "pokemon",
            "context": "grounded",
            "bucket": "rare",
            "level": "15-35",
            "weight": 5.2,
            "condition": {
                "canSeeSky": false,
				"maxY": 72,
                "biomes": [
                    "#cobblemon:is_overworld"
                ]
            }
        }
    ]
}