{
    "enabled": true,
    "neededInstalledMods": [],
    "neededUninstalledMods": [],
    "spawns": [
        {
            "id": "gligar-1",
            "pokemon": "gligar",
            "presets": [
                "natural",
                "treetop"
            ],
            "type": "pokemon",
            "context": "grounded",
            "bucket": "uncommon",
            "level": "18-43",
            "weight": 5.52,
            "condition": {
                "minSkyLight": 8,
                "maxSkyLight": 15,
                "biomes": [
                    "#cobblemon:is_badlands"
                ],
                "timeRange": "night"
            }
        },
        {
            "id": "gligar-2",
            "pokemon": "gligar",
            "presets": [
                "natural"
            ],
            "type": "pokemon",
            "context": "grounded",
            "bucket": "common",
            "level": "18-43",
            "weight": 1.9,
            "condition": {
                "biomes": [
                    "#cobblemon:nether/is_mountain"
                ]
            }
        }
    ]
}