{
    "enabled": true,
    "neededInstalledMods": [],
    "neededUninstalledMods": [],
    "spawns": [
        {
            "id": "teddiursa-1",
            "pokemon": "teddiursa",
            "presets": [
                "natural",
                "wild"
            ],
            "type": "pokemon",
            "context": "grounded",
            "bucket": "common",
            "level": "8-33",
            "weight": 1.8,
            "condition": {
                "biomes": [
                    "#cobblemon:is_forest",
                    "#cobblemon:is_mountain",
                    "#cobblemon:is_taiga"
                ],
                "minY": 48
            }
        },
        {
            "id": "teddiursa-2",
            "pokemon": "teddiursa",
            "presets": [
                "natural"
            ],
            "type": "pokemon",
            "context": "grounded",
            "bucket": "common",
            "level": "8-33",
            "weight": 1.8,
            "condition": {
                "biomes": [
                    "aether:skyroot_forest",
                    "aether:skyroot_woodland"
                ]
            }
        },
        {
            "id": "teddiursa-3",
            "pokemon": "teddiursa",
            "type": "pokemon",
            "context": "grounded",
            "bucket": "common",
            "level": "8-33",
            "weight": 1.8,
            "condition": {
                "biomes": [
                    "the_bumblezone:crystal_canyon",
                    "the_bumblezone:floral_meadow"
                ]
            },
            "anticondition": {
                "structures": [
                    "#the_bumblezone:sempiternal_sanctums"
                ]
            }
        }
    ]
}