{
    "enabled": true,
    "neededInstalledMods": [],
    "neededUninstalledMods": [],
    "spawns": [
        {
            "id": "slugma-3",
            "pokemon": "slugma",
            "presets": [
                "natural"
            ],
            "type": "pokemon",
            "context": "grounded",
            "bucket": "common",
            "level": "1-25",
            "weight": 5.4,
            "condition": {
                "biomes": [
                    "#cobblemon:nether/is_basalt",
                    "#cobblemon:nether/is_wasteland"
                ]
            }
        },
        {
            "id": "slugma-4",
            "pokemon": "slugma",
            "presets": [
                "lava"
            ],
            "type": "pokemon",
            "context": "surface",
            "bucket": "common",
            "level": "1-25",
            "weight": 9.0,
            "condition": {
                "biomes": [
                    "#minecraft:is_nether",
                    "#cobblemon:is_volcanic"
                ]
            }
        },
        {
            "id": "slugma-1",
            "pokemon": "slugma",
            "presets": [
                "lava"
            ],
            "type": "pokemon",
            "context": "surface",
            "bucket": "common",
            "level": "1-25",
            "weight": 1.8,
            "condition": {
                "biomes": [
                    "#cobblemon:is_overworld"
                ]
            },
            "anticondition": {
                "biomes": [
                    "#cobblemon:is_volcanic"
                ]
            }
        },
        {
            "id": "slugma-2",
            "pokemon": "slugma",
            "presets": [
                "natural"
            ],
            "type": "pokemon",
            "context": "grounded",
            "bucket": "common",
            "level": "1-25",
            "weight": 9.0,
            "condition": {
                "biomes": [
                    "#cobblemon:is_volcanic"
                ],
                "neededNearbyBlocks": [
                    "#minecraft:lava"
                ]
            }
        }
    ]
}