{
    "enabled": true,
    "neededInstalledMods": [],
    "neededUninstalledMods": [],
    "spawns": [
        {
            "id": "magcargo-3",
            "pokemon": "magcargo",
            "presets": [
                "natural"
            ],
            "type": "pokemon",
            "context": "grounded",
            "bucket": "common",
            "level": "38-43",
            "weight": 0.6,
            "condition": {
                "biomes": [
                    "#cobblemon:nether/is_basalt",
                    "#cobblemon:nether/is_wasteland"
                ]
            }
        },
        {
            "id": "magcargo-4",
            "pokemon": "magcargo",
            "presets": [
                "lava"
            ],
            "type": "pokemon",
            "context": "surface",
            "bucket": "common",
            "level": "38-43",
            "weight": 1.0,
            "condition": {
                "biomes": [
                    "#minecraft:is_nether",
                    "#cobblemon:is_volcanic"
                ]
            }
        },
        {
            "id": "magcargo-1",
            "pokemon": "magcargo",
            "presets": [
                "lava"
            ],
            "type": "pokemon",
            "context": "surface",
            "bucket": "common",
            "level": "38-43",
            "weight": 0.2,
            "condition": {
                "biomes": [
                    "#cobblemon:is_overworld"
                ]
            },
            "anticondition": {
                "biomes": [
                    "#cobblemon:is_volcanic"
                ]
            }
        },
        {
            "id": "magcargo-2",
            "pokemon": "magcargo",
            "presets": [
                "natural"
            ],
            "type": "pokemon",
            "context": "grounded",
            "bucket": "common",
            "level": "38-43",
            "weight": 1.0,
            "condition": {
                "biomes": [
                    "#cobblemon:is_volcanic"
                ],
                "neededNearbyBlocks": [
                    "#minecraft:lava"
                ]
            }
        }
    ]
}