{
    "enabled": true,
    "neededInstalledMods": [],
    "neededUninstalledMods": [],
    "spawns": [
        {
            "id": "corsola-1",
            "pokemon": "corsola",
            "presets": [
                "water"
            ],
            "type": "pokemon",
            "context": "seafloor",
            "bucket": "uncommon",
            "level": "16-41",
            "weight": 10.0,
            "condition": {
                "canSeeSky": true,
                "biomes": [
                    "#cobblemon:is_warm_ocean"
                ]
            }
        },
        {
            "id": "corsola-2",
            "pokemon": "corsola",
            "type": "pokemon",
            "context": "fishing",
            "bucket": "uncommon",
            "level": "16-41",
            "weight": 10.0,
            "condition": {
                "canSeeSky": true,
                "biomes": [
                    "#cobblemon:is_warm_ocean"
                ]
            },
            "anticondition": {
                "minLureLevel": 1
            }
        },
        {
            "id": "corsola-3",
            "pokemon": "corsola",
            "type": "pokemon",
            "context": "fishing",
            "bucket": "common",
            "level": "16-41",
            "weight": 10.0,
            "weightMultiplier": {
                "multiplier": 0.6,
                "condition": {
                    "minLureLevel": 1,
                    "maxLureLevel": 2
                }
            },
            "condition": {
                "canSeeSky": true,
                "biomes": [
                    "#cobblemon:is_warm_ocean"
                ],
                "minLureLevel": 1
            }
        },
        {
            "id": "corsola-4",
            "pokemon": "corsola",
            "type": "pokemon",
            "context": "fishing",
            "bucket": "uncommon",
            "level": "16-41",
            "weight": 10.0,
            "condition": {
                "canSeeSky": false,
                "minSkyLight": 8,
                "maxSkyLight": 15,
                "biomes": [
                    "#cobblemon:is_warm_ocean"
                ]
            },
            "anticondition": {
                "minLureLevel": 1
            }
        },
        {
            "id": "corsola-5",
            "pokemon": "corsola",
            "type": "pokemon",
            "context": "fishing",
            "bucket": "common",
            "level": "16-41",
            "weight": 10.0,
            "weightMultiplier": {
                "multiplier": 0.6,
                "condition": {
                    "minLureLevel": 1,
                    "maxLureLevel": 2
                }
            },
            "condition": {
                "canSeeSky": false,
                "minSkyLight": 8,
                "maxSkyLight": 15,
                "biomes": [
                    "#cobblemon:is_warm_ocean"
                ],
                "minLureLevel": 1
            }
        },
        {
            "id": "corsola-6",
            "pokemon": "corsola galarian",
            "presets": [
                "water"
            ],
            "type": "pokemon",
            "context": "seafloor",
            "bucket": "ultra-rare",
            "level": "16-41",
            "weight": 1.3,
            "condition": {
                "canSeeSky": true,
                "biomes": [
                    "#cobblemon:is_warm_ocean"
                ]
            }
        },
        {
            "id": "corsola-7",
            "pokemon": "corsola galarian",
            "type": "pokemon",
            "context": "fishing",
            "bucket": "ultra-rare",
            "level": "16-41",
            "weight": 4.7,
            "condition": {
                "canSeeSky": true,
                "biomes": [
                    "#cobblemon:is_warm_ocean"
                ]
            },
            "anticondition": {
                "minLureLevel": 1
            }
        },
        {
            "id": "corsola-8",
            "pokemon": "corsola galarian",
            "type": "pokemon",
            "context": "fishing",
            "bucket": "rare",
            "level": "16-41",
            "weight": 6.2,
            "weightMultiplier": {
                "multiplier": 0.6,
                "condition": {
                    "minLureLevel": 1,
                    "maxLureLevel": 2
                }
            },
            "condition": {
                "canSeeSky": true,
                "biomes": [
                    "#cobblemon:is_warm_ocean"
                ],
                "minLureLevel": 1
            }
        },
        {
            "id": "corsola-9",
            "pokemon": "corsola galarian",
            "type": "pokemon",
            "context": "fishing",
            "bucket": "ultra-rare",
            "level": "16-41",
            "weight": 3.2,
            "condition": {
                "canSeeSky": false,
                "minSkyLight": 8,
                "maxSkyLight": 15,
                "biomes": [
                    "#cobblemon:is_warm_ocean"
                ]
            },
            "anticondition": {
                "minLureLevel": 1
            }
        },
        {
            "id": "corsola-10",
            "pokemon": "corsola galarian",
            "type": "pokemon",
            "context": "fishing",
            "bucket": "rare",
            "level": "16-41",
            "weight": 4.0,
            "weightMultiplier": {
                "multiplier": 0.6,
                "condition": {
                    "minLureLevel": 1,
                    "maxLureLevel": 2
                }
            },
            "condition": {
                "canSeeSky": false,
                "minSkyLight": 8,
                "maxSkyLight": 15,
                "biomes": [
                    "#cobblemon:is_warm_ocean"
                ],
                "minLureLevel": 1
            }
        }
    ]
}