{
    "enabled": true,
    "neededInstalledMods": [],
    "neededUninstalledMods": [],
    "spawns": [
        {
            "id": "grovyle-1",
            "pokemon": "grovyle",
            "presets": [
                "natural",
                "treetop"
            ],
            "type": "pokemon",
            "context": "grounded",
            "bucket": "ultra-rare",
            "level": "16-41",
            "weight": 3.6,
            "condition": {
                "minSkyLight": 8,
                "maxSkyLight": 15,
                "biomes": [
                    "#cobblemon:is_jungle",
                    "aether:skyroot_forest",
                    "aether:skyroot_woodland"
                ]
            }
        }
    ]
}