{
    "enabled": true,
    "neededInstalledMods": [],
    "neededUninstalledMods": [],
    "spawns": [
        {
            "id": "blaziken-1",
            "pokemon": "blaziken",
            "presets": [
                "natural"
            ],
            "type": "pokemon",
            "context": "grounded",
            "bucket": "ultra-rare",
            "level": "36-53",
            "weight": 0.4,
            "condition": {
                "minSkyLight": 8,
                "maxSkyLight": 15,
                "biomes": [
                    "#cobblemon:is_plains",
                    "aether:skyroot_grove",
                    "aether:skyroot_meadow"
                ]
            }
        }
    ]
}