{
    "enabled": true,
    "neededInstalledMods": [],
    "neededUninstalledMods": [],
    "spawns": [
        {
            "id": "ralts-1",
            "pokemon": "ralts",
            "presets": [
                "natural"
            ],
            "type": "pokemon",
            "context": "grounded",
            "bucket": "rare",
            "level": "1-20",
            "weight": 7.5,
            "condition": {
                "minSkyLight": 8,
                "maxSkyLight": 15,
                "biomes": [
                    "#cobblemon:is_floral",
                    "#cobblemon:is_magical",
                    "aether:skyroot_grove",
                    "aether:skyroot_meadow",
                    "#cobblemon:is_snowy_forest"
                ]
            }
        },
        {
            "id": "ralts-2",
            "pokemon": "ralts",
            "presets": [
                "natural",
                "urban"
            ],
            "type": "pokemon",
            "context": "grounded",
            "bucket": "rare",
            "level": "1-20",
            "weight": 1.5,
            "condition": {
                "minSkyLight": 8,
                "maxSkyLight": 15,
                "biomes": [
                    "#cobblemon:is_overworld"
                ]
            }
        },
        {
            "id": "ralts-3",
            "pokemon": "ralts",
            "presets": [
                "natural"
            ],
            "type": "pokemon",
            "context": "grounded",
            "bucket": "rare",
            "level": "1-20",
            "weight": 1.5,
            "condition": {
                "minSkyLight": 8,
                "maxSkyLight": 15,
                "biomes": [
                    "#cobblemon:is_overworld"
                ],
                "structures": [
                    "#minecraft:village"
                ]
            }
        },
        {
            "id": "ralts-4",
            "pokemon": "ralts",
            "presets": [
                "mansion"
            ],
            "type": "pokemon",
            "context": "grounded",
            "bucket": "common",
            "level": "1-20",
            "weight": 1.8,
            "condition": {
                "canSeeSky": false,
                "biomes": [
                    "#cobblemon:is_overworld"
                ]
            }
        }
    ]
}