{
    "enabled": true,
    "neededInstalledMods": [],
    "neededUninstalledMods": [],
    "spawns": [
        {
            "id": "azurill-1",
            "pokemon": "azurill",
            "presets": [
                "sand"
            ],
            "type": "pokemon",
            "context": "grounded",
            "bucket": "common",
            "level": "10-15",
            "weight": 0.8,
            "condition": {
                "canSeeSky": true,
                "biomes": [
                    "#cobblemon:is_river"
                ]
            }
        },
        {
            "id": "azurill-2",
            "pokemon": "azurill",
            "presets": [
                "sand"
            ],
            "type": "pokemon",
            "context": "grounded",
            "bucket": "common",
            "level": "10-15",
            "weight": 0.4,
            "condition": {
                "canSeeSky": true,
                "biomes": [
                    "#cobblemon:is_beach"
                ]
            }
        }
    ]
}