{
    "enabled": true,
    "neededInstalledMods": [],
    "neededUninstalledMods": [],
    "spawns": [
        {
            "id": "gulpin-1",
            "pokemon": "gulpin",
            "presets": [],
            "type": "pokemon",
            "context": "grounded",
            "bucket": "common",
            "level": "24-32",
            "weight": 5.0,
            "weightMultiplier": {
                "multiplier": 1.5,
                "condition": {
                    "isRaining": true
                }
            },
            "condition": {
                "biomes": [
                    "#cobblemon:is_swamp"
                ]
            }
        }
    ]
}