{
    "enabled": true,
    "neededInstalledMods": [],
    "neededUninstalledMods": [],
    "spawns": [
        {
            "id": "zangoose-1",
            "pokemon": "zangoose",
            "presets": [
                "natural",
                "wild"
            ],
            "type": "pokemon",
            "context": "grounded",
            "bucket": "common",
            "level": "42-49",
            "weight": 1.0,
            "condition": {
                "timeRange": "night",
                "biomes": [
                    "#cobblemon:is_plains",
                    "#cobblemon:is_river"
                ]
            }
        }
    ]
}