{
    "enabled": true,
    "neededInstalledMods": [],
    "neededUninstalledMods": [],
    "spawns": [
        {
            "id": "seviper-1",
            "pokemon": "seviper",
            "presets": [
                "natural",
                "wild"
            ],
            "type": "pokemon",
            "context": "grounded",
            "bucket": "common",
            "level": "42-49",
            "weight": 1.0,
            "condition": {
                "timeRange": "day",
                "biomes": [
                    "#cobblemon:is_plains",
                    "#cobblemon:is_river"
                ]
            }
        }
    ]
}