{
    "neoforge:conditions": [
        {
            "type": "neoforge:mod_loaded",
            "modid": "malum"
        }
    ],
    "type": "apotheosis:attribute",
    "attribute": "malum:malignant_conversion",
    "categories": [
        "apotheosis:helmet",
        "apotheosis:chestplate",
        "apotheosis:leggings",
        "apotheosis:boots"
    ],
    "definition": {
        "affix_type": "stat",
        "exclusive_set": [],
        "weights": {
            "quality": 0.1,
            "weight": 25
        }
    },
    "operation": "add_multiplied_base",
    "values": {
        "apotheosis:uncommon": {
            "min": 0.0125,
            "max": 0.0375
        },
        "apotheosis:rare": {
            "min": 0.0375,
            "max": 0.0625
        },
        "apotheosis:epic": {
            "min": 0.0625,
            "max": 0.0875
        },
        "apotheosis:mythic": {
            "min": 0.0875,
            "max": 0.1125
        }
    }
}